step,timestamp,critical_requested_kw,normal_requested_kw,critical_served_kw,normal_served_kw,critical_unserved_kw,normal_unserved_kw,flexible_requested_kw,flexible_served_kw,renewable_available_kw,renewable_used_kw,curtailed_kw,grid_import_kw,grid_export_kw,grid_limit_kw,charge_kw,discharge_kw,energy_kwh,soc,served_kw,balance_residual_kw,consecutive_curtailment_intervals,action_reason,authority_epoch,fallback,forecast_next_demand_kw,forecast_next_pv_kw,forecast_issue_step,expected_shortfall_kwh,available_flexibility_kw
0,2026-01-01T00:00:00+05:30,9.0,21.064567910977043,9.0,21.064567910977043,0.0,0.0,0,0.0,0.0,0.0,0,30.064567910977043,0.0,65.0,0,0,104.0,0.65,30.064567910977043,0.0,0,Serve critical first; charge renewable surplus; discharge feeder deficit; earliest-deadline tasks,1,False,31.000001567830587,0.0,0,0.0,0
1,2026-01-01T00:05:00+05:30,9.0,22.714870865715586,9.0,22.714870865715586,0.0,0.0,0,0.0,0.0,0.0,0,31.714870865715586,0.0,65.0,0,0,104.0,0.65,31.714870865715586,0.0,0,Serve critical first; charge renewable surplus; discharge feeder deficit; earliest-deadline tasks,1,False,31.000002176717206,0.0,1,0.0,0
2,2026-01-01T00:10:00+05:30,9.0,22.612373926114095,9.0,22.612373926114095,0.0,0.0,0,0.0,0.0,0.0,0,31.612373926114095,0.0,65.0,0,0,104.0,0.65,31.612373926114095,0.0,0,Serve critical first; charge renewable surplus; discharge feeder deficit; earliest-deadline tasks,1,False,31.000003011597446,0.0,2,0.0,0
3,2026-01-01T00:15:00+05:30,9.0,22.792057126854598,9.0,22.792057126854598,0.0,0.0,0,0.0,0.0,0.0,0,31.792057126854598,0.0,65.0,0,0,104.0,0.65,31.792057126854598,0.0,0,Serve critical first; charge renewable surplus; discharge feeder deficit; earliest-deadline tasks,1,False,31.00000415225353,0.0,3,0.0,0
4,2026-01-01T00:20:00+05:30,9.0,20.891609735287787,9.0,20.891609735287787,0.0,0.0,0,0.0,0.0,0.0,0,29.891609735287787,0.0,65.0,0,0,104.0,0.65,29.891609735287787,0.0,0,Serve critical first; charge renewable surplus; discharge feeder deficit; earliest-deadline tasks,1,False,31.000005705094456,0.0,4,0.0,0
5,2026-01-01T00:25:00+05:30,9.0,20.80642843902737,9.0,20.80642843902737,0.0,0.0,0,0.0,0.0,0.0,0,29.80642843902737,0.0,65.0,0,0,104.0,0.65,29.80642843902737,0.0,0,Serve critical first; charge renewable surplus; discharge feeder deficit; earliest-deadline tasks,1,False,31.000007811489407,0.0,5,0.0,0
6,2026-01-01T00:30:00+05:30,9.0,23.18029416641859,9.0,23.18029416641859,0.0,0.0,0,0.0,0.0,0.0,0,32.18029416641859,0.0,65.0,0,0,104.0,0.65,32.18029416641859,0.0,0,Serve critical first; charge renewable surplus; discharge feeder deficit; earliest-deadline tasks,1,False,31.000010658519653,0.0,6,0.0,0
7,2026-01-01T00:35:00+05:30,9.0,21.496842067675267,9.0,21.496842067675267,0.0,0.0,0,0.0,0.0,0.0,0,30.496842067675267,0.0,65.0,0,0,104.0,0.65,30.496842067675267,0.0,0,Serve critical first; charge renewable surplus; discharge feeder deficit; earliest-deadline tasks,1,False,31.00001449278887,0.0,7,0.0,0
8,2026-01-01T00:40:00+05:30,9.0,21.218229533749007,9.0,21.218229533749007,0.0,0.0,0,0.0,0.0,0.0,0,30.218229533749007,0.0,65.0,0,0,104.0,0.65,30.218229533749007,0.0,0,Serve critical first; charge renewable surplus; discharge feeder deficit; earliest-deadline tasks,1,False,31.000019638082208,0.0,8,0.0,0
9,2026-01-01T00:45:00+05:30,9.0,21.177909477655007,9.0,21.177909477655007,0.0,0.0,0,0.0,0.0,0.0,0,30.177909477655007,0.0,65.0,0,0,104.0,0.65,30.177909477655007,0.0,0,Serve critical first; charge renewable surplus; discharge feeder deficit; earliest-deadline tasks,1,False,31.00002651784422,0.0,9,0.0,0
10,2026-01-01T00:50:00+05:30,9.0,22.333516047286512,9.0,22.333516047286512,0.0,0.0,0,0.0,0.0,0.0,0,31.333516047286512,0.0,65.0,0,0,104.0,0.65,31.333516047286512,0.0,0,Serve critical first; charge renewable surplus; discharge feeder deficit; earliest-deadline tasks,1,False,31.000035683659725,0.0,10,0.0,0
11,2026-01-01T00:55:00+05:30,9.0,21.23663618454884,9.0,21.23663618454884,0.0,0.0,0,0.0,0.0,0.0,0,30.23663618454884,0.0,65.0,0,0,104.0,0.65,30.23663618454884,0.0,0,Serve critical first; charge renewable surplus; discharge feeder deficit; earliest-deadline tasks,1,False,31.00004785117392,0.0,11,0.0,0
12,2026-01-01T01:00:00+05:30,9.0,22.146303287001427,9.0,22.146303287001427,0.0,0.0,0,0.0,0.0,0.0,0,31.146303287001427,0.0,65.0,0,0,104.0,0.65,31.146303287001427,0.0,0,Serve critical first; charge renewable surplus; discharge feeder deficit; earliest-deadline tasks,1,False,31.00006394518337,0.0,12,0.0,0
13,2026-01-01T01:05:00+05:30,9.0,22.839634415934793,9.0,22.839634415934793,0.0,0.0,0,0.0,0.0,0.0,0,31.839634415934793,0.0,65.0,0,0,104.0,0.65,31.839634415934793,0.0,0,Serve critical first; charge renewable surplus; discharge feeder deficit; earliest-deadline tasks,1,False,31.000085155972013,0.0,13,0.0,0
14,2026-01-01T01:10:00+05:30,9.0,22.39223995132821,9.0,22.39223995132821,0.0,0.0,0,0.0,0.0,0.0,0,31.39223995132821,0.0,65.0,0,0,104.0,0.65,31.39223995132821,0.0,0,Serve critical first; charge renewable surplus; discharge feeder deficit; earliest-deadline tasks,1,False,31.000113009360433,0.0,14,0.0,0
15,2026-01-01T01:15:00+05:30,9.0,20.695009332106864,9.0,20.695009332106864,0.0,0.0,0,0.0,0.0,0.0,0,29.695009332106864,0.0,65.0,0,0,104.0,0.65,29.695009332106864,0.0,0,Serve critical first; charge renewable surplus; discharge feeder deficit; earliest-deadline tasks,1,False,31.000149453385248,0.0,15,0.0,0
16,2026-01-01T01:20:00+05:30,9.0,22.722196212183526,9.0,22.722196212183526,0.0,0.0,0,0.0,0.0,0.0,0,31.722196212183526,0.0,65.0,0,0,104.0,0.65,31.722196212183526,0.0,0,Serve critical first; charge renewable surplus; discharge feeder deficit; earliest-deadline tasks,1,False,31.000196965031225,0.0,16,0.0,0
17,2026-01-01T01:25:00+05:30,9.0,21.188761032151962,9.0,21.188761032151962,0.0,0.0,0,0.0,0.0,0.0,0,30.188761032151962,0.0,65.0,0,0,104.0,0.65,30.188761032151962,0.0,0,Serve critical first; charge renewable surplus; discharge feeder deficit; earliest-deadline tasks,1,False,31.000258681002226,0.0,17,0.0,0
18,2026-01-01T01:30:00+05:30,9.0,23.092642388885178,9.0,23.092642388885178,0.0,0.0,0,0.0,0.0,-3.552713678800501e-15,3.552713678800501e-15,32.09264238888518,0.0,65.0,0,0,104.0,0.65,32.09264238888518,0.0,0,Serve critical first; charge renewable surplus; discharge feeder deficit; earliest-deadline tasks,1,False,31.00033855713713,0.0,18,0.0,0
19,2026-01-01T01:35:00+05:30,9.0,21.863564607961784,9.0,21.863564607961784,0.0,0.0,0,0.0,0.0,0.0,0,30.863564607961784,0.0,65.0,0,0,104.0,0.65,30.863564607961784,0.0,0,Serve critical first; charge renewable surplus; discharge feeder deficit; earliest-deadline tasks,1,False,31.00044156174948,0.0,19,0.0,0
20,2026-01-01T01:40:00+05:30,9.0,23.062648460875057,9.0,23.062648460875053,0.0,3.552713678800501e-15,0,0.0,0.0,0.0,0,32.06264846087505,0.0,65.0,0,0,104.0,0.65,32.06264846087505,0.0,0,Serve critical first; charge renewable surplus; discharge feeder deficit; earliest-deadline tasks,1,False,31.000573908887393,0.0,20,0.0,0
21,2026-01-01T01:45:00+05:30,9.0,22.143009899289417,9.0,22.143009899289417,0.0,0.0,0,0.0,0.0,0.0,0,31.143009899289417,0.0,65.0,0,0,104.0,0.65,31.143009899289417,0.0,0,Serve critical first; charge renewable surplus; discharge feeder deficit; earliest-deadline tasks,1,False,31.00074333826219,0.0,21,0.0,0
22,2026-01-01T01:50:00+05:30,9.0,22.288777682228325,9.0,22.288777682228325,0.0,0.0,0,0.0,0.0,0.0,0,31.288777682228325,0.0,65.0,0,0,104.0,0.65,31.288777682228325,0.0,0,Serve critical first; charge renewable surplus; discharge feeder deficit; earliest-deadline tasks,1,False,31.000959449363148,0.0,22,0.0,0
23,2026-01-01T01:55:00+05:30,9.0,22.726873889993495,9.0,22.726873889993495,0.0,0.0,0,0.0,0.0,0.0,0,31.726873889993495,0.0,65.0,0,0,104.0,0.65,31.726873889993495,0.0,0,Serve critical first; charge renewable surplus; discharge feeder deficit; earliest-deadline tasks,1,False,31.001234098040868,0.0,23,0.0,0
24,2026-01-01T02:00:00+05:30,9.0,21.446420966882577,9.0,21.446420966882577,0.0,0.0,0,0.0,0.0,0.0,0,30.446420966882577,0.0,65.0,0,0,104.0,0.65,30.446420966882577,0.0,0,Serve critical first; charge renewable surplus; discharge feeder deficit; earliest-deadline tasks,1,False,31.001581864573183,0.0,24,0.0,0
25,2026-01-01T02:05:00+05:30,9.0,22.075980389799202,9.0,22.075980389799202,0.0,0.0,0,0.0,0.0,0.0,0,31.075980389799202,0.0,65.0,0,0,104.0,0.65,31.075980389799202,0.0,0,Serve critical first; charge renewable surplus; discharge feeder deficit; earliest-deadline tasks,1,False,31.00202060289051,0.0,25,0.0,0
26,2026-01-01T02:10:00+05:30,9.0,22.937119650639225,9.0,22.937119650639225,0.0,0.0,0,0.0,0.0,0.0,0,31.937119650639225,0.0,65.0,0,0,104.0,0.65,31.937119650639225,0.0,0,Serve critical first; charge renewable surplus; discharge feeder deficit; earliest-deadline tasks,1,False,31.002572081188006,0.0,26,0.0,0
27,2026-01-01T02:15:00+05:30,9.0,21.95917567273308,9.0,21.95917567273308,0.0,0.0,0,0.0,0.0,0.0,0,30.95917567273308,0.0,65.0,0,0,104.0,0.65,30.95917567273308,0.0,0,Serve critical first; charge renewable surplus; discharge feeder deficit; earliest-deadline tasks,1,False,31.003262724538033,0.0,27,0.0,0
28,2026-01-01T02:20:00+05:30,9.0,22.831866413794298,9.0,22.831866413794298,0.0,0.0,0,0.0,0.0,0.0,0,31.831866413794298,0.0,65.0,0,0,104.0,0.65,31.831866413794298,0.0,0,Serve critical first; charge renewable surplus; discharge feeder deficit; earliest-deadline tasks,1,False,31.004124470278462,0.0,28,0.0,0
29,2026-01-01T02:25:00+05:30,9.0,22.404177230705315,9.0,22.404177230705315,0.0,0.0,0,0.0,0.0,0.0,0,31.404177230705315,0.0,65.0,0,0,104.0,0.65,31.404177230705315,0.0,0,Serve critical first; charge renewable surplus; discharge feeder deficit; earliest-deadline tasks,1,False,31.00519574682155,0.0,29,0.0,0
30,2026-01-01T02:30:00+05:30,9.0,22.922475751695544,9.0,22.922475751695544,0.0,0.0,0,0.0,0.0,0.0,0,31.922475751695544,0.0,65.0,0,0,104.0,0.65,31.922475751695544,0.0,0,Serve critical first; charge renewable surplus; discharge feeder deficit; earliest-deadline tasks,1,False,31.0065225860291,0.0,30,0.0,0
31,2026-01-01T02:35:00+05:30,9.0,22.573613877185007,9.0,22.573613877185007,0.0,0.0,0,0.0,0.0,0.0,0,31.573613877185007,0.0,65.0,0,0,104.0,0.65,31.573613877185007,0.0,0,Serve critical first; charge renewable surplus; discharge feeder deficit; earliest-deadline tasks,1,False,31.00815987835072,0.0,31,0.0,0
32,2026-01-01T02:40:00+05:30,9.0,22.04402166136582,9.0,22.04402166136582,0.0,0.0,0,0.0,0.0,0.0,0,31.04402166136582,0.0,65.0,0,0,104.0,0.65,31.04402166136582,0.0,0,Serve critical first; charge renewable surplus; discharge feeder deficit; earliest-deadline tasks,1,False,31.010172778436147,0.0,32,0.0,0
33,2026-01-01T02:45:00+05:30,9.0,22.228560824146292,9.0,22.228560824146292,0.0,0.0,0,0.0,0.0,0.0,0,31.228560824146292,0.0,65.0,0,0,104.0,0.65,31.228560824146292,0.0,0,Serve critical first; charge renewable surplus; discharge feeder deficit; earliest-deadline tasks,1,False,31.012638266822766,0.0,33,0.0,0
34,2026-01-01T02:50:00+05:30,9.0,22.477480957782614,9.0,22.477480957782614,0.0,0.0,0,0.0,0.0,0.0,0,31.477480957782614,0.0,65.0,0,0,104.0,0.65,31.477480957782614,0.0,0,Serve critical first; charge renewable surplus; discharge feeder deficit; earliest-deadline tasks,1,False,31.015646870477983,0.0,34,0.0,0
35,2026-01-01T02:55:00+05:30,9.0,21.129837413343214,9.0,21.129837413343214,0.0,0.0,0,0.0,0.0,0.0,0,30.129837413343214,0.0,65.0,0,0,104.0,0.65,30.129837413343214,0.0,0,Serve critical first; charge renewable surplus; discharge feeder deficit; earliest-deadline tasks,1,False,31.019304541362278,0.0,35,0.0,0
36,2026-01-01T03:00:00+05:30,9.0,22.564102810728173,9.0,22.564102810728173,0.0,0.0,0,0.0,0.0,0.0,0,31.564102810728173,0.0,65.0,0,0,104.0,0.65,31.564102810728173,0.0,0,Serve critical first; charge renewable surplus; discharge feeder deficit; earliest-deadline tasks,1,False,31.023734687701555,0.0,36,0.0,0
37,2026-01-01T03:05:00+05:30,9.0,20.83635672411228,9.0,20.83635672411228,0.0,0.0,0,0.0,0.0,0.0,0,29.83635672411228,0.0,65.0,0,0,104.0,0.65,29.83635672411228,0.0,0,Serve critical first; charge renewable surplus; discharge feeder deficit; earliest-deadline tasks,1,False,31.029080347261857,0.0,37,0.0,0
38,2026-01-01T03:10:00+05:30,9.0,21.28664737497461,9.0,21.28664737497461,0.0,0.0,0,0.0,0.0,0.0,0,30.28664737497461,0.0,65.0,0,0,104.0,0.65,30.28664737497461,0.0,0,Serve critical first; charge renewable surplus; discharge feeder deficit; earliest-deadline tasks,1,False,31.035506485572427,0.0,38,0.0,0
39,2026-01-01T03:15:00+05:30,9.0,22.35592053041651,9.0,22.35592053041651,0.0,0.0,0,0.0,0.0,0.0,0,31.35592053041651,0.0,65.0,0,0,104.0,0.65,31.35592053041651,0.0,0,Serve critical first; charge renewable surplus; discharge feeder deficit; earliest-deadline tasks,1,False,31.04320239474094,0.0,39,0.0,0
40,2026-01-01T03:20:00+05:30,9.0,22.70118957960615,9.0,22.70118957960615,0.0,0.0,0,0.0,0.0,0.0,0,31.70118957960615,0.0,65.0,0,0,104.0,0.65,31.70118957960615,0.0,0,Serve critical first; charge renewable surplus; discharge feeder deficit; earliest-deadline tasks,1,False,31.05238416027833,0.0,40,0.0,0
41,2026-01-01T03:25:00+05:30,9.0,21.61241456390791,9.0,21.61241456390791,0.0,0.0,0,0.0,0.0,0.0,0,30.61241456390791,0.0,65.0,0,0,104.0,0.65,30.61241456390791,0.0,0,Serve critical first; charge renewable surplus; discharge feeder deficit; earliest-deadline tasks,1,False,31.063297154274856,0.0,41,0.0,0
42,2026-01-01T03:30:00+05:30,9.0,21.041404459744125,9.0,21.041404459744125,0.0,0.0,0,0.0,0.0,0.0,0,30.041404459744125,0.0,65.0,0,0,104.0,0.65,30.041404459744125,0.0,0,Serve critical first; charge renewable surplus; discharge feeder deficit; earliest-deadline tasks,1,False,31.076218503466954,0.0,42,0.0,0
43,2026-01-01T03:35:00+05:30,9.0,22.143197425974694,9.0,22.143197425974694,0.0,0.0,0,0.0,0.0,0.0,0,31.143197425974694,0.0,65.0,0,0,104.0,0.65,31.143197425974694,0.0,0,Serve critical first; charge renewable surplus; discharge feeder deficit; earliest-deadline tasks,1,False,31.09145947038428,0.0,43,0.0,0
44,2026-01-01T03:40:00+05:30,9.0,21.320411881038325,9.0,21.320411881038325,0.0,0.0,0,0.0,0.0,0.0,0,30.320411881038325,0.0,65.0,0,0,104.0,0.65,30.320411881038325,0.0,0,Serve critical first; charge renewable surplus; discharge feeder deficit; earliest-deadline tasks,1,False,31.10936767510605,0.0,44,0.0,0
45,2026-01-01T03:45:00+05:30,9.0,23.267235589232794,9.0,23.267235589232794,0.0,0.0,0,0.0,0.0,-3.552713678800501e-15,3.552713678800501e-15,32.2672355892328,0.0,65.0,0,0,104.0,0.65,32.2672355892328,0.0,0,Serve critical first; charge renewable surplus; discharge feeder deficit; earliest-deadline tasks,1,False,31.130329074485093,0.0,45,0.0,0
46,2026-01-01T03:50:00+05:30,9.0,22.6965354247347,9.0,22.6965354247347,0.0,0.0,0,0.0,0.0,0.0,0,31.6965354247347,0.0,65.0,0,0,104.0,0.65,31.6965354247347,0.0,0,Serve critical first; charge renewable surplus; discharge feeder deficit; earliest-deadline tasks,1,False,31.154769605379368,0.0,46,0.0,0
47,2026-01-01T03:55:00+05:30,9.0,22.57943473601584,9.0,22.57943473601584,0.0,0.0,0,0.0,0.0,0.0,0,31.57943473601584,0.0,65.0,0,0,104.0,0.65,31.57943473601584,0.0,0,Serve critical first; charge renewable surplus; discharge feeder deficit; earliest-deadline tasks,1,False,31.18315638888734,0.0,47,0.0,0
48,2026-01-01T04:00:00+05:30,9.0,22.303179253542847,9.0,22.303179253542847,0.0,0.0,0,0.0,0.0,0.0,0,31.303179253542847,0.0,65.0,0,0,104.0,0.65,31.303179253542847,0.0,0,Serve critical first; charge renewable surplus; discharge feeder deficit; earliest-deadline tasks,1,False,31.21599838429312,0.0,48,0.0,0
49,2026-01-01T04:05:00+05:30,9.0,21.312590284646326,9.0,21.312590284646326,0.0,0.0,0,0.0,0.0,0.0,0,30.312590284646326,0.0,65.0,0,0,104.0,0.65,30.312590284646326,0.0,0,Serve critical first; charge renewable surplus; discharge feeder deficit; earliest-deadline tasks,1,False,31.253846374913767,0.0,49,0.0,0
50,2026-01-01T04:10:00+05:30,9.0,23.249597922896157,9.0,23.249597922896157,0.0,0.0,0,0.0,0.0,0.0,0,32.24959792289616,0.0,65.0,0,0,104.0,0.65,32.24959792289616,0.0,0,Serve critical first; charge renewable surplus; discharge feeder deficit; earliest-deadline tasks,1,False,31.297292163861588,0.0,50,0.0,0
51,2026-01-01T04:15:00+05:30,9.0,21.489564672924335,9.0,21.489564672924335,0.0,0.0,0,0.0,0.0,0.0,0,30.489564672924335,0.0,65.0,0,0,104.0,0.65,30.489564672924335,0.0,0,Serve critical first; charge renewable surplus; discharge feeder deficit; earliest-deadline tasks,1,False,31.346966856461567,0.0,51,0.0,0
52,2026-01-01T04:20:00+05:30,9.0,21.259133979466736,9.0,21.259133979466736,0.0,0.0,0,0.0,0.0,0.0,0,30.259133979466736,0.0,65.0,0,0,104.0,0.65,30.259133979466736,0.0,0,Serve critical first; charge renewable surplus; discharge feeder deficit; earliest-deadline tasks,1,False,31.403538108267515,0.0,52,0.0,0
53,2026-01-01T04:25:00+05:30,9.0,22.78377509183513,9.0,22.78377509183513,0.0,0.0,0,0.0,0.0,0.0,0,31.78377509183513,0.0,65.0,0,0,104.0,0.65,31.78377509183513,0.0,0,Serve critical first; charge renewable surplus; discharge feeder deficit; earliest-deadline tasks,1,False,31.467706223839592,0.0,53,0.0,0
54,2026-01-01T04:30:00+05:30,9.0,21.29974613768116,9.0,21.29974613768116,0.0,0.0,0,0.0,0.0,0.0,0,30.29974613768116,0.0,65.0,0,0,104.0,0.65,30.29974613768116,0.0,0,Serve critical first; charge renewable surplus; discharge feeder deficit; earliest-deadline tasks,1,False,31.540199002165036,0.0,54,0.0,0
55,2026-01-01T04:35:00+05:30,9.0,22.27518477230644,9.0,22.27518477230644,0.0,0.0,0,0.0,0.0,0.0,0,31.27518477230644,0.0,65.0,0,0,104.0,0.65,31.27518477230644,0.0,0,Serve critical first; charge renewable surplus; discharge feeder deficit; earliest-deadline tasks,1,False,31.621765240221173,0.0,55,0.0,0
56,2026-01-01T04:40:00+05:30,9.0,22.551526037766564,9.0,22.551526037766564,0.0,0.0,0,0.0,0.0,0.0,0,31.551526037766564,0.0,65.0,0,0,104.0,0.65,31.551526037766564,0.0,0,Serve critical first; charge renewable surplus; discharge feeder deficit; earliest-deadline tasks,1,False,31.713166826977595,0.0,56,0.0,0
57,2026-01-01T04:45:00+05:30,9.0,22.588384171185915,9.0,22.588384171185915,0.0,0.0,0,0.0,0.0,0.0,0,31.588384171185915,0.0,65.0,0,0,104.0,0.65,31.588384171185915,0.0,0,Serve critical first; charge renewable surplus; discharge feeder deficit; earliest-deadline tasks,1,False,31.815169386246914,0.0,57,0.0,0
58,2026-01-01T04:50:00+05:30,9.0,23.033474759164054,9.0,23.03347475916405,0.0,3.552713678800501e-15,0,0.0,0.0,0.0,0,32.03347475916405,0.0,65.0,0,0,104.0,0.65,32.03347475916405,0.0,0,Serve critical first; charge renewable surplus; discharge feeder deficit; earliest-deadline tasks,1,False,31.92853145818007,0.0,58,0.0,0
59,2026-01-01T04:55:00+05:30,9.0,21.952686107908917,9.0,21.952686107908917,0.0,0.0,0,0.0,0.0,0.0,0,30.952686107908917,0.0,65.0,0,0,104.0,0.65,30.952686107908917,0.0,0,Serve critical first; charge renewable surplus; discharge feeder deficit; earliest-deadline tasks,1,False,32.05399224561869,0.0,59,0.0,0
60,2026-01-01T05:00:00+05:30,9.0,22.81253602139841,9.0,22.81253602139841,0.0,0.0,0,0.0,0.0,0.0,0,31.81253602139841,0.0,65.0,0,0,104.0,0.65,31.81253602139841,0.0,0,Serve critical first; charge renewable surplus; discharge feeder deficit; earliest-deadline tasks,1,False,32.192257992497375,0.0,60,0.0,0
61,2026-01-01T05:05:00+05:30,9.0,23.46465635309379,9.0,23.464656353093787,0.0,3.552713678800501e-15,0,0.0,0.0,0.0,0,32.46465635309379,0.0,65.0,0,0,104.0,0.65,32.46465635309379,0.0,0,Serve critical first; charge renewable surplus; discharge feeder deficit; earliest-deadline tasks,1,False,32.343987106328925,0.0,61,0.0,0
62,2026-01-01T05:10:00+05:30,9.0,23.06605951132006,9.0,23.06605951132006,0.0,0.0,0,0.0,0.0,-3.552713678800501e-15,3.552713678800501e-15,32.06605951132006,0.0,65.0,0,0,104.0,0.65,32.06605951132006,0.0,0,Serve critical first; charge renewable surplus; discharge feeder deficit; earliest-deadline tasks,1,False,32.509774184559305,0.0,62,0.0,0
63,2026-01-01T05:15:00+05:30,9.0,24.104118884498643,9.0,24.104118884498643,0.0,0.0,0,0.0,0.0,-3.552713678800501e-15,3.552713678800501e-15,33.10411888449865,0.0,65.0,0,0,104.0,0.65,33.10411888449865,0.0,0,Serve critical first; charge renewable surplus; discharge feeder deficit; earliest-deadline tasks,1,False,32.69013315406089,0.0,63,0.0,0
64,2026-01-01T05:20:00+05:30,9.0,25.10603701882362,9.0,25.10603701882362,0.0,0.0,0,0.0,0.0,0.0,0,34.10603701882362,0.0,65.0,0,0,104.0,0.65,34.10603701882362,0.0,0,Serve critical first; charge renewable surplus; discharge feeder deficit; earliest-deadline tasks,1,False,32.88547978283497,0.0,64,0.0,0
65,2026-01-01T05:25:00+05:30,9.0,23.230273730400768,9.0,23.230273730400768,0.0,0.0,0,0.0,0.0,0.0,0,32.23027373040077,0.0,65.0,0,0,104.0,0.65,32.23027373040077,0.0,0,Serve critical first; charge renewable surplus; discharge feeder deficit; earliest-deadline tasks,1,False,33.096113871511484,0.0,65,0.0,0
66,2026-01-01T05:30:00+05:30,9.0,23.53072157384006,9.0,23.53072157384006,0.0,0.0,0,0.0,0.0,0.0,0,32.53072157384006,0.0,65.0,0,0,104.0,0.65,32.53072157384006,0.0,0,Serve critical first; charge renewable surplus; discharge feeder deficit; earliest-deadline tasks,1,False,33.32220147770725,0.0,66,0.0,0
67,2026-01-01T05:35:00+05:30,9.0,25.758713014746625,9.0,25.758713014746625,0.0,0.0,0,0.0,0.0,0.0,0,34.758713014746625,0.0,65.0,0,0,104.0,0.65,34.758713014746625,0.0,0,Serve critical first; charge renewable surplus; discharge feeder deficit; earliest-deadline tasks,1,False,33.56375756686523,0.0,67,0.0,0
68,2026-01-01T05:40:00+05:30,9.0,23.773721622858947,9.0,23.773721622858943,0.0,3.552713678800501e-15,0,0.0,0.0,0.0,0,32.77372162285894,0.0,65.0,0,0,104.0,0.65,32.77372162285894,0.0,0,Serve critical first; charge renewable surplus; discharge feeder deficit; earliest-deadline tasks,1,False,33.820629516939775,0.0,68,0.0,0
69,2026-01-01T05:45:00+05:30,9.0,23.569661999663257,9.0,23.569661999663253,0.0,3.552713678800501e-15,0,0.0,0.0,0.0,0,32.56966199966325,0.0,65.0,0,0,104.0,0.65,32.56966199966325,0.0,0,Serve critical first; charge renewable surplus; discharge feeder deficit; earliest-deadline tasks,1,False,34.09248192933582,0.0,69,0.0,0
70,2026-01-01T05:50:00+05:30,9.0,25.52238968603577,9.0,25.522389686035766,0.0,3.552713678800501e-15,0,0.0,0.0,0.0,0,34.522389686035766,0.0,65.0,0,0,104.0,0.65,34.522389686035766,0.0,0,Serve critical first; charge renewable surplus; discharge feeder deficit; earliest-deadline tasks,1,False,34.37878321308014,0.0,70,0.0,0
71,2026-01-01T05:55:00+05:30,9.0,26.454837537114642,9.0,26.454837537114642,0.0,0.0,0,0.0,0.0,0.0,0,35.45483753711464,0.0,65.0,0,0,104.0,0.65,35.45483753711464,0.0,0,Serve critical first; charge renewable surplus; discharge feeder deficit; earliest-deadline tasks,1,False,34.678794411719494,0.0,71,0.0,0
72,2026-01-01T06:00:00+05:30,9.0,25.22462041548758,9.0,25.22462041548758,0.0,0.0,0,0.0,0.0,0.0,0,34.22462041548758,0.0,65.0,0,0,104.0,0.65,34.22462041548758,0.0,0,Serve critical first; charge renewable surplus; discharge feeder deficit; earliest-deadline tasks,1,False,34.991560731591136,1.8542652279376886,72,0.0,0
73,2026-01-01T06:05:00+05:30,9.0,25.817927149678873,9.0,25.817927149678873,0.0,0.0,0,0.0,2.015473491314713,2.015473491314713,0,32.80245365836416,0.0,65.0,0,0,104.0,0.65,34.81792714967887,0.0,0,Serve critical first; charge renewable surplus; discharge feeder deficit; earliest-deadline tasks,1,False,35.31590620494265,4.029987726405238,73,0.0,0
74,2026-01-01T06:10:00+05:30,9.0,25.318861751400934,9.0,25.31886175140093,0.0,3.552713678800501e-15,0,0.0,4.3332542934028675,4.3332542934028675,0,29.985607457998064,0.0,65.0,0,0,104.0,0.65,34.31886175140093,0.0,0,Serve critical first; charge renewable surplus; discharge feeder deficit; earliest-deadline tasks,1,False,35.650431881356056,6.497303324432336,74,0.0,0
75,2026-01-01T06:15:00+05:30,9.0,25.12444107983915,9.0,25.12444107983915,0.0,0.0,0,0.0,5.840098068881485,5.840098068881485,0,28.284343010957667,0.0,65.0,0,0,104.0,0.65,34.12444107983915,0.0,0,Serve critical first; charge renewable surplus; discharge feeder deficit; earliest-deadline tasks,1,False,35.99351788601514,7.7824729627453655,75,0.0,0
76,2026-01-01T06:20:00+05:30,9.0,26.51562063066239,9.0,26.51562063066239,0.0,0.0,0,0.0,8.229330019718665,8.229330019718665,0,27.286290610943723,0.0,65.0,0,0,104.0,0.65,35.51562063066239,0.0,0,Serve critical first; charge renewable surplus; discharge feeder deficit; earliest-deadline tasks,1,False,36.343329614030615,10.27931623468723,76,0.0,0
77,2026-01-01T06:25:00+05:30,9.0,26.174074972820623,9.0,26.17407497282062,0.0,3.552713678800501e-15,0,0.0,10.55416344488059,10.55416344488059,0,24.61991152794003,0.0,65.0,0,0,104.0,0.65,35.17407497282062,0.0,0,Serve critical first; charge renewable surplus; discharge feeder deficit; earliest-deadline tasks,1,False,36.697828247355595,12.653938752274794,77,0.0,0
78,2026-01-01T06:30:00+05:30,9.0,26.046660215721843,9.0,26.046660215721843,0.0,0.0,0,0.0,12.08488068722899,12.08488068722899,0,22.961779528492855,0.0,65.0,0,0,104.0,0.65,35.04666021572184,0.0,0,Serve critical first; charge renewable surplus; discharge feeder deficit; earliest-deadline tasks,1,False,37.054785686394894,14.084475618066675,78,0.0,0
79,2026-01-01T06:35:00+05:30,9.0,28.739766357161002,9.0,28.739766357161002,0.0,0.0,0,0.0,13.11390770382156,13.11390770382156,0,24.625858653339442,0.0,65.0,0,0,104.0,0.65,37.739766357161,0.0,0,Serve critical first; charge renewable surplus; discharge feeder deficit; earliest-deadline tasks,1,False,37.41180388439465,14.96946808703022,79,0.0,0
80,2026-01-01T06:40:00+05:30,9.0,27.301998913972046,9.0,27.301998913972042,0.0,3.552713678800501e-15,0,0.0,14.360751990567929,14.360751990567929,0,21.941246923404115,0.0,65.0,0,0,104.0,0.65,36.30199891397204,0.0,0,Serve critical first; charge renewable surplus; discharge feeder deficit; earliest-deadline tasks,1,False,37.76633846175302,16.134023217953974,80,0.0,0
81,2026-01-01T06:45:00+05:30,9.0,28.582186470124718,9.0,28.582186470124718,0.0,0.0,0,0.0,15.207714754442703,15.207714754442703,0,22.374471715682013,0.0,65.0,0,0,104.0,0.65,37.58218647012472,0.0,0,Serve critical first; charge renewable surplus; discharge feeder deficit; earliest-deadline tasks,1,False,38.11572636261121,16.871938476067786,81,0.0,0
82,2026-01-01T06:50:00+05:30,9.0,27.93124549414566,9.0,27.931245494145656,0.0,3.552713678800501e-15,0,0.0,20.689137358362554,20.689137358362554,0,16.242108135783102,0.0,65.0,0,0,104.0,0.65,36.93124549414566,0.0,0,Serve critical first; charge renewable surplus; discharge feeder deficit; earliest-deadline tasks,1,False,38.45721720090103,22.72003717345139,82,0.0,0
83,2026-01-01T06:55:00+05:30,9.0,29.632543624166246,9.0,29.632543624166246,0.0,0.0,0,0.0,18.915574006576644,18.915574006576644,0,19.7169696175896,0.0,65.0,0,0,104.0,0.65,38.632543624166246,0.0,0,Serve critical first; charge renewable surplus; discharge feeder deficit; earliest-deadline tasks,1,False,38.78800783110291,20.59739748975051,83,0.0,0
84,2026-01-01T07:00:00+05:30,9.0,30.23632873182603,9.0,30.23632873182603,0.0,0.0,0,0.0,23.221960030958414,23.22196003095841,3.552713678800501e-15,16.01436870086762,0.0,65.0,0,0,104.0,0.65,39.236328731826035,0.0,0,Serve critical first; charge renewable surplus; discharge feeder deficit; earliest-deadline tasks,1,False,39.10527957407002,25.10703250897246,84,0.0,0
85,2026-01-01T07:05:00+05:30,9.0,28.790507258473813,9.0,28.79050725847381,0.0,3.552713678800501e-15,0,0.0,24.728163110676093,24.728163110676093,0,13.062344147797717,0.0,65.0,0,0,104.0,0.65,37.79050725847381,0.0,0,Serve critical first; charge renewable surplus; discharge feeder deficit; earliest-deadline tasks,1,False,39.406237434120044,26.573020257450402,85,0.0,0
86,2026-01-01T07:10:00+05:30,9.0,30.714149622377896,9.0,30.714149622377896,0.0,0.0,0,0.0,22.585790959591378,22.585790959591378,0,17.128358662786518,0.0,65.0,0,0,104.0,0.65,39.714149622377896,0.0,0,Serve critical first; charge renewable surplus; discharge feeder deficit; earliest-deadline tasks,1,False,39.68815056371855,24.14308131558622,86,0.0,0
87,2026-01-01T07:15:00+05:30,9.0,29.95456755581482,9.0,29.95456755581482,0.0,0.0,0,0.0,30.912633808758613,30.912633808758613,0,8.041933747056206,0.0,65.0,0,0,104.0,0.65,38.95456755581482,0.0,0,Serve critical first; charge renewable surplus; discharge feeder deficit; earliest-deadline tasks,1,False,39.948393169673395,32.89186483642878,87,0.0,0
88,2026-01-01T07:20:00+05:30,9.0,31.241938200163013,9.0,31.241938200163013,0.0,0.0,0,0.0,26.761847249241473,26.761847249241473,0,13.48009095092154,0.0,65.0,0,0,104.0,0.65,40.24193820016301,0.0,0,Serve critical first; charge renewable surplus; discharge feeder deficit; earliest-deadline tasks,1,False,40.18448501255013,28.359474162980405,88,0.0,0
89,2026-01-01T07:25:00+05:30,9.0,30.786045486749316,9.0,30.786045486749316,0.0,0.0,0,0.0,30.747440702276144,30.747440702276144,0,9.038604784473172,0.0,65.0,0,0,104.0,0.65,39.786045486749316,0.0,0,Serve critical first; charge renewable surplus; discharge feeder deficit; earliest-deadline tasks,1,False,40.39413063112514,32.46495925236947,89,0.0,0
90,2026-01-01T07:30:00+05:30,9.0,32.17873340440403,9.0,32.17873340440403,0.0,0.0,0,0.0,36.77619415905026,36.77619415905026,0,4.402539245353765,0.0,65.0,0,0,104.0,0.65,41.17873340440403,0.0,0,Serve critical first; charge renewable surplus; discharge feeder deficit; earliest-deadline tasks,1,False,40.57525642753151,38.704289787568264,90,0.0,0
91,2026-01-01T07:35:00+05:30,9.0,30.012064279451184,9.0,30.01206427945118,0.0,3.552713678800501e-15,0,0.0,29.523967599523917,29.523967599523917,0,9.488096679927263,0.0,65.0,0,0,104.0,0.65,39.01206427945118,0.0,0,Serve critical first; charge renewable surplus; discharge feeder deficit; earliest-deadline tasks,1,False,40.72604477695322,30.980683841190466,91,0.0,0
92,2026-01-01T07:40:00+05:30,9.0,31.503455544016013,9.0,31.503455544016013,0.0,0.0,0,0.0,30.665026078290143,30.665026078290143,0,9.83842946572587,0.0,65.0,0,0,104.0,0.65,40.50345554401601,0.0,0,Serve critical first; charge renewable surplus; discharge feeder deficit; earliest-deadline tasks,1,False,40.84496437808111,32.09230515462205,92,0.0,0
93,2026-01-01T07:45:00+05:30,9.0,30.523955709567044,9.0,30.523955709567044,0.0,0.0,0,0.0,33.160244398006775,33.16024439800677,3.552713678800501e-15,6.363711311560273,0.0,65.0,0,0,104.0,0.65,39.52395570956705,-7.105427357601002e-15,0,Serve critical first; charge renewable surplus; discharge feeder deficit; earliest-deadline tasks,1,False,40.930796136005206,34.61923672009966,93,0.0,0
94,2026-01-01T07:50:00+05:30,9.0,30.354098111427675,9.0,30.354098111427675,0.0,0.0,0,0.0,41.33058112577052,41.33058112577052,0,0,0,65.0,1.976483014342847,0,104.15647157196881,0.6509779473248051,39.354098111427675,0.0,0,Serve critical first; charge renewable surplus; discharge feeder deficit; earliest-deadline tasks,1,False,40.98265396589839,43.052745075139796,94,0.0,0
95,2026-01-01T07:55:00+05:30,9.0,30.430098862196104,9.0,30.430098862196104,0.0,0.0,0,0.0,42.26279386634263,42.26279386634263,0,0,0,65.0,2.8326950041465295,0,104.3807265931304,0.652379541207065,39.430098862196104,0.0,0,Serve critical first; charge renewable surplus; discharge feeder deficit; earliest-deadline tasks,1,False,41.00000002108424,43.93324397292294,95,0.0,0
96,2026-01-01T08:00:00+05:30,9.0,33.79000796103945,9.0,33.79000796103945,0.0,0.0,0,0.0,37.96655065938908,37.96655065938908,0,4.823457301650372,0.0,65.0,0,0,104.3807265931304,0.652379541207065,42.79000796103945,0.0,0,Serve critical first; charge renewable surplus; discharge feeder deficit; earliest-deadline tasks,1,False,40.98265397953139,39.392062373375545,96,0.0,0
97,2026-01-01T08:05:00+05:30,9.0,32.97658433440485,9.0,32.97658433440485,0.0,0.0,0,0.0,45.837595581494,45.837595581494,0,0,0,65.0,3.861011247089152,0,104.68638998352496,0.654289937397031,41.97658433440485,0.0,0,Serve critical first; charge renewable surplus; discharge feeder deficit; earliest-deadline tasks,1,False,40.930796164560554,47.47454069013741,97,0.0,0
98,2026-01-01T08:10:00+05:30,9.0,30.667111929260717,9.0,30.667111929260713,0.0,3.552713678800501e-15,0,0.0,52.97546056010214,52.97546056010214,0,0,0,65.0,13.30834863084143,0,105.73996758346658,0.6608747973966661,39.66711192926071,0.0,0,Serve critical first; charge renewable surplus; discharge feeder deficit; earliest-deadline tasks,1,False,40.84496442424625,54.776866594510466,98,0.0,0
99,2026-01-01T08:15:00+05:30,9.0,32.74949492506091,9.0,32.74949492506091,0.0,0.0,0,0.0,45.90333988493166,45.90333988493166,0,0,0,65.0,4.153844959870753,0,106.06881364278968,0.6629300852674355,41.74949492506091,0.0,0,Serve critical first; charge renewable surplus; discharge feeder deficit; earliest-deadline tasks,1,False,40.72604484503918,47.39108134845118,99,0.0,0
100,2026-01-01T08:20:00+05:30,9.0,33.20473751059241,9.0,33.20473751059241,0.0,0.0,0,0.0,42.96995023465921,42.96995023465921,0,0,0,65.0,0.7652127240667994,0,106.12939298344497,0.663308706146531,42.20473751059241,0.0,0,Serve critical first; charge renewable surplus; discharge feeder deficit; earliest-deadline tasks,1,False,40.57525652383163,44.29844839006981,100,0.0,0
101,2026-01-01T08:25:00+05:30,9.0,32.839726888255484,9.0,32.839726888255484,0.0,0.0,0,0.0,56.52249591569672,56.52249591569672,0,0,0,65.0,14.682769027441239,0,107.29177886478406,0.6705736179049004,41.839726888255484,0.0,0,Serve critical first; charge renewable surplus; discharge feeder deficit; earliest-deadline tasks,1,False,40.39413076443299,58.190688212180184,101,0.0,0
102,2026-01-01T08:30:00+05:30,9.0,29.947503933050257,9.0,29.947503933050257,0.0,0.0,0,0.0,59.43351164425102,59.43351164425102,0,0,0,65.0,20.486007711200763,0,108.91358780858745,0.6807099238036716,38.94750393305026,0.0,0,Serve critical first; charge renewable surplus; discharge feeder deficit; earliest-deadline tasks,1,False,40.18448519487366,61.1090456782675,102,0.0,0
103,2026-01-01T08:35:00+05:30,9.0,32.2473445616708,9.0,32.2473445616708,0.0,0.0,0,0.0,61.09604025194405,61.09604025194405,0,0,0,65.0,19.848695690273253,0,110.48494288406742,0.6905308930254214,41.2473445616708,0.0,0,Serve critical first; charge renewable surplus; discharge feeder deficit; earliest-deadline tasks,1,False,39.948393417195696,62.74213928713549,103,0.0,0
104,2026-01-01T08:40:00+05:30,9.0,30.137033204047537,9.0,30.137033204047537,0.0,0.0,0,0.0,59.57044177825564,59.57044177825564,3.552713678800501e-15,0,0,65.0,20.4334085742081,0,112.10258772952557,0.7006411733095348,39.13703320404754,0.0,0,Serve critical first; charge renewable surplus; discharge feeder deficit; earliest-deadline tasks,1,False,39.68815089807175,61.10497604225628,104,0.0,0
105,2026-01-01T08:45:00+05:30,9.0,31.718145864048548,9.0,31.718145864048548,0.0,0.0,0,0.0,53.90304470854843,53.90304470854842,3.552713678800501e-15,0,0,65.0,13.184898844499877,0,113.1463922213818,0.7071649513836362,40.71814586404855,-7.105427357601002e-15,0,Serve critical first; charge renewable surplus; discharge feeder deficit; earliest-deadline tasks,1,False,39.40623788405905,55.231061351678626,105,0.0,0
106,2026-01-01T08:50:00+05:30,9.0,28.709669999767765,9.0,28.709669999767765,0.0,0.0,0,0.0,48.9110283616844,48.9110283616844,3.552713678800501e-15,0,0,65.0,11.201358361916633,0,114.03316642503354,0.7127072901564596,37.70966999976777,0.0,0,Serve critical first; charge renewable surplus; discharge feeder deficit; earliest-deadline tasks,1,False,39.105280177657846,50.06380243907139,106,0.0,0
107,2026-01-01T08:55:00+05:30,9.0,30.129158203643232,9.0,30.12915820364323,0.0,3.552713678800501e-15,0,0.0,60.399670868540454,60.399670868540454,0,0,0,65.0,21.270512664897225,0,115.71708201100458,0.7232317625687786,39.12915820364323,0.0,0,Serve critical first; charge renewable surplus; discharge feeder deficit; earliest-deadline tasks,1,False,38.78800863855019,61.76169270479824,107,0.0,0
108,2026-01-01T09:00:00+05:30,9.0,28.44755547973942,9.0,28.44755547973942,0.0,0.0,6.0,6.0,63.40379074887895,63.40379074887895,0,0,0,65.0,19.956235269139526,0,117.29695063647813,0.7331059414779884,43.44755547973942,0.0,0,Serve critical first; charge renewable surplus; discharge feeder deficit; earliest-deadline tasks,1,False,38.45721827824148,64.77184876959178,108,0.0,6.0
109,2026-01-01T09:05:00+05:30,9.0,27.873990059470977,9.0,27.873990059470977,0.0,0.0,6.0,6.0,61.679929061214565,61.679929061214565,0,0,0,65.0,18.80593900174359,0,118.78575414078283,0.7424109633798927,42.87399005947098,0.0,0,Serve critical first; charge renewable surplus; discharge feeder deficit; earliest-deadline tasks,1,False,38.1157277964429,62.953325776691834,109,0.0,6.0
110,2026-01-01T09:10:00+05:30,9.0,29.152843584253908,9.0,29.152843584253908,0.0,0.0,6.0,6.0,57.28575922015341,57.28575922015341,0,0,0,65.0,13.1329156358995,0,119.82544329529154,0.7489090205955721,44.15284358425391,0.0,0,Serve critical first; charge renewable surplus; discharge feeder deficit; earliest-deadline tasks,1,False,37.766340365335296,58.417249565422665,110,0.0,6.0
111,2026-01-01T09:15:00+05:30,9.0,27.2043804958413,9.0,27.2043804958413,0.0,0.0,6.0,6.0,73.14259463418163,73.14259463418163,0,0,0,65.0,30.938214138340335,0,122.27471858124348,0.7642169911327718,42.2043804958413,0.0,0,Serve critical first; charge renewable surplus; discharge feeder deficit; earliest-deadline tasks,1,False,37.41180640546491,74.52448994779454,111,0.0,6.0
112,2026-01-01T09:20:00+05:30,9.0,29.613428832675776,9.0,29.613428832675776,0.0,0.0,6.0,6.0,67.77007384355444,67.77007384355444,3.552713678800501e-15,0,0,65.0,23.156645010878663,0,124.10795297793804,0.7756747061121128,44.61342883267578,0.0,0,Serve critical first; charge renewable surplus; discharge feeder deficit; earliest-deadline tasks,1,False,37.054789017161326,68.99446824972016,112,0.0,6.0
113,2026-01-01T09:25:00+05:30,9.0,26.47033643553502,9.0,26.47033643553502,0.0,0.0,6.0,5.9999999999999964,67.62324702418624,67.62324702418624,0,0,0,65.0,26.152910588651224,0,126.17839173287292,0.7886149483304558,41.47033643553502,0.0,0,Serve critical first; charge renewable surplus; discharge feeder deficit; earliest-deadline tasks,1,False,36.69783263723488,68.79112236624414,113,0.0,6.0
114,2026-01-01T09:30:00+05:30,9.0,29.236674016172344,9.0,29.236674016172344,0.0,0.0,6.0,6.0,74.16047725244458,74.16047725244458,0,0,0,65.0,29.923803236272235,0,128.54735948907782,0.8034209968067364,44.236674016172344,0.0,0,Serve critical first; charge renewable surplus; discharge feeder deficit; earliest-deadline tasks,1,False,36.343335385838344,75.38421242189614,114,0.0,6.0
115,2026-01-01T09:35:00+05:30,9.0,27.961902809419733,9.0,27.961902809419733,0.0,0.0,6.0,6.0,58.957803760906934,58.957803760906934,0,0,0,65.0,15.9959009514872,0,129.81370164773722,0.8113356352983576,42.96190280941973,0.0,0,Serve critical first; charge renewable surplus; discharge feeder deficit; earliest-deadline tasks,1,False,35.99352545648642,59.886823251057976,115,0.0,6.0
116,2026-01-01T09:40:00+05:30,9.0,27.247290290883495,9.0,27.247290290883495,0.0,0.0,6.0,6.0,64.31560591265605,64.31560591265605,3.552713678800501e-15,0,0,65.0,22.068315621772555,0,131.56077663446086,0.8222548539653805,42.2472902908835,0.0,0,Serve critical first; charge renewable surplus; discharge feeder deficit; earliest-deadline tasks,1,False,35.650441787080425,65.28271800824957,116,0.0,6.0
117,2026-01-01T09:45:00+05:30,9.0,28.206346522780574,9.0,28.206346522780574,0.0,0.0,6.0,6.0,60.120616818499435,60.12061681849943,3.552713678800501e-15,0,0,65.0,16.914270295718858,0,132.89982303287195,0.8306238939554497,43.20634652278058,-7.105427357601002e-15,0,Serve critical first; charge renewable surplus; discharge feeder deficit; earliest-deadline tasks,1,False,35.31591913504846,60.98264228959787,117,0.0,6.0
118,2026-01-01T09:50:00+05:30,9.0,25.440375340305085,9.0,25.440375340305085,0.0,0.0,6.0,5.9999999999999964,81.50455698614415,81.50455698614415,0,0,0,65.0,41.06418164583907,0,136.15073741316755,0.8509421088322972,40.44037534030508,0.0,0,Serve critical first; charge renewable surplus; discharge feeder deficit; earliest-deadline tasks,1,False,34.99157756881819,82.61788002157812,118,0.0,6.0
119,2026-01-01T09:55:00+05:30,9.0,24.806681721976997,9.0,24.806681721976997,0.0,0.0,6.0,6.0,68.7362631990813,68.7362631990813,3.552713678800501e-15,0,0,65.0,28.929581477104293,0,138.44099594677164,0.8652562246673228,39.806681721977,0.0,0,Serve critical first; charge renewable surplus; discharge feeder deficit; earliest-deadline tasks,1,False,34.67881628388477,69.62980879509918,119,0.0,6.0
120,2026-01-01T10:00:00+05:30,9.0,25.082257857916627,9.0,25.082257857916627,0.0,0.0,34.8,34.8,83.73256898746439,83.73256898746439,0,0,0,65.0,14.850311129547762,0,139.61664557786082,0.8726040348616302,68.88225785791663,0.0,0,Serve critical first; charge renewable surplus; discharge feeder deficit; earliest-deadline tasks,1,False,34.37881155738093,84.76724035419552,120,0.0,34.8
121,2026-01-01T10:05:00+05:30,9.0,25.976410398519985,9.0,25.976410398519985,0.0,0.0,34.8,34.8,86.05089708123435,86.05089708123435,0,0,0,65.0,16.274486682714368,0,140.90504244024237,0.8806565152515148,69.77641039851999,0.0,0,Serve critical first; charge renewable surplus; discharge feeder deficit; earliest-deadline tasks,1,False,34.092518572460094,87.06028123227888,121,0.0,34.8
122,2026-01-01T10:10:00+05:30,9.0,24.165088262505805,9.0,24.165088262505805,0.0,0.0,34.8,34.8,66.05703538936507,66.05703538936507,0,1.9080528731407327,0.0,65.0,0,0,140.90504244024237,0.8806565152515148,67.9650882625058,0.0,0,Serve critical first; charge renewable surplus; discharge feeder deficit; earliest-deadline tasks,1,False,33.820676774580036,66.79146658773442,122,0.0,34.8
123,2026-01-01T10:15:00+05:30,9.0,24.353816032217622,9.0,24.353816032217622,0.0,0.0,34.8,34.8,83.81414955326463,83.81414955326463,0,0,0,65.0,15.660333521047008,0,142.1448188439919,0.8884051177749495,68.15381603221762,0.0,0,Serve critical first; charge renewable surplus; discharge feeder deficit; earliest-deadline tasks,1,False,33.56381836697492,84.69586919785935,123,0.0,34.8
124,2026-01-01T10:20:00+05:30,9.0,24.9148895926085,9.0,24.9148895926085,0.0,0.0,34.8,34.8,88.9842865097668,88.9842865097668,0,0,0,65.0,20.269396917158303,0,143.74947943326694,0.8984342464579184,68.7148895926085,0.0,0,Serve critical first; charge renewable surplus; discharge feeder deficit; earliest-deadline tasks,1,False,33.322279512717394,89.86829868245371,124,0.0,34.8
125,2026-01-01T10:25:00+05:30,9.0,24.943561254591327,9.0,24.943561254591327,0.0,0.0,34.8,34.8,68.00140048081576,68.00140048081576,0,0.7421607737755664,0.0,65.0,0,0,143.74947943326694,0.8984342464579184,68.74356125459133,0.0,0,Serve critical first; charge renewable surplus; discharge feeder deficit; earliest-deadline tasks,1,False,33.0962137857582,68.63794841376644,125,0.0,34.8
126,2026-01-01T10:30:00+05:30,9.0,23.561555953374523,9.0,23.561555953374523,0.0,0.0,34.8,34.8,71.789076549372,71.789076549372,0,0,0,65.0,4.427520595997478,0,144.0999914804501,0.900624946752813,67.36155595337452,0.0,0,Serve critical first; charge renewable surplus; discharge feeder deficit; earliest-deadline tasks,1,False,32.885607402660206,72.42068031390501,126,0.0,34.8
127,2026-01-01T10:35:00+05:30,9.0,23.219805725156466,9.0,23.219805725156466,0.0,0.0,34.8,34.8,84.49853571877098,84.49853571877098,0,0,0,65.0,17.47872999361452,0,145.48372427161124,0.9092732766975702,67.01980572515646,0.0,0,Serve critical first; charge renewable surplus; discharge feeder deficit; earliest-deadline tasks,1,False,32.690295769461315,85.19525757142561,127,0.0,34.8
128,2026-01-01T10:40:00+05:30,9.0,23.530125942881785,9.0,23.530125942881785,0.0,0.0,34.8,34.8,87.56456000258088,87.56456000258088,0,0,0,65.0,20.234434059699097,0,147.08561696800408,0.9192851060500254,67.33012594288178,0.0,0,Serve critical first; charge renewable surplus; discharge feeder deficit; earliest-deadline tasks,1,False,32.50998089289996,88.23898188439333,128,0.0,34.8
129,2026-01-01T10:45:00+05:30,9.0,22.144331302606727,9.0,22.144331302606727,0.0,0.0,34.8,34.8,92.27400614157952,92.27400614157952,0,0,0,65.0,26.329674838972792,0,149.17004955942275,0.9323128097463922,65.94433130260673,0.0,0,Serve critical first; charge renewable surplus; discharge feeder deficit; earliest-deadline tasks,1,False,32.34424923053563,92.93535080311884,129,0.0,34.8
130,2026-01-01T10:50:00+05:30,9.0,22.398180195189735,9.0,22.398180195189735,0.0,0.0,34.8,34.8,88.49959842255286,88.49959842255286,0,0,0,65.0,22.30141822736313,0,150.93557850242235,0.9433473656401397,66.19818019518974,0.0,0,Serve critical first; charge renewable surplus; discharge feeder deficit; earliest-deadline tasks,1,False,32.19258958832566,89.08725645709406,130,0.0,34.8
131,2026-01-01T10:55:00+05:30,9.0,24.151023841944262,9.0,24.151023841944262,0.0,0.0,34.8,34.8,70.25719205039408,70.25719205039408,0,0,0,65.0,2.3061682084498187,0,151.11815015225795,0.9444884384516122,67.95102384194426,0.0,0,Serve critical first; charge renewable surplus; discharge feeder deficit; earliest-deadline tasks,1,False,32.05441071509733,70.6872002261108,131,0.0,34.8
132,2026-01-01T11:00:00+05:30,9.0,23.171605028058757,9.0,23.171605028058757,0.0,0.0,34.8,34.79999999999999,95.91766365768656,95.91766365768656,0,0,0,65.0,28.946058629627814,0,153.4097131271035,0.9588107070443967,66.97160502805875,0.0,0,Serve critical first; charge renewable surplus; discharge feeder deficit; earliest-deadline tasks,1,False,31.929058289175718,96.45550353162136,132,0.0,34.8
133,2026-01-01T11:05:00+05:30,9.0,21.573440184934256,9.0,21.573440184934256,0.0,0.0,34.8,34.8,83.45855366884878,83.45855366884878,0,0,0,65.0,18.085113483914526,0,154.8414512779134,0.9677590704869588,65.37344018493425,0.0,0,Serve critical first; charge renewable surplus; discharge feeder deficit; earliest-deadline tasks,1,False,31.815831041324355,83.88420026177404,133,0.0,34.8
134,2026-01-01T11:10:00+05:30,9.0,22.61128696816854,9.0,22.61128696816854,0.0,0.0,34.8,34.8,80.72230746852334,80.72230746852334,0,0,0,65.0,14.3110205003548,0,155.97440706752482,0.9748400441720302,66.41128696816854,0.0,0,Serve critical first; charge renewable surplus; discharge feeder deficit; earliest-deadline tasks,1,False,31.71399580836831,81.09349048642135,134,0.0,34.8
135,2026-01-01T11:15:00+05:30,9.0,21.881018713201154,9.0,21.881018713201154,0.0,0.0,34.8,34.8,75.56996177477714,75.56996177477714,0,0,0,65.0,9.888943061575986,0,156.75728172656625,0.979733010791039,65.68101871320115,0.0,0,Serve critical first; charge renewable surplus; discharge feeder deficit; earliest-deadline tasks,1,False,31.622801361789094,75.87989515915211,135,0.0,34.8
136,2026-01-01T11:20:00+05:30,9.0,21.987441826359305,9.0,21.987441826359305,0.0,0.0,34.8,34.8,76.90409950599933,76.90409950599933,0,0,0,65.0,11.116657679640028,0,157.63735045953774,0.9852334403721109,65.7874418263593,0.0,0,Serve critical first; charge renewable surplus; discharge feeder deficit; earliest-deadline tasks,1,False,31.541490903798724,77.18161409313176,136,0.0,34.8
137,2026-01-01T11:25:00+05:30,9.0,21.984063719446084,9.0,21.984063719446084,0.0,0.0,34.8,34.8,96.11942272311218,95.62805791475881,0.4913648083533655,0,0,65.0,29.843994195312728,0,160.0,1.0,65.78406371944608,3.552713678800501e-15,0,Serve critical first; charge renewable surplus; discharge feeder deficit; earliest-deadline tasks,1,False,31.469313168724295,96.41928254768388,137,0.0,34.8
138,2026-01-01T11:30:00+05:30,9.0,23.679996455453786,9.0,23.679996455453786,0.0,0.0,34.8,34.8,78.59666883884374,67.47999645545379,11.11667238338995,0,0,65.0,0,0,160.0,1.0,67.47999645545379,0.0,0,Serve critical first; charge renewable surplus; discharge feeder deficit; earliest-deadline tasks,1,False,31.40553210901285,78.80369334322029,138,0.0,34.8
139,2026-01-01T11:35:00+05:30,9.0,21.135201503655676,9.0,21.135201503655676,0.0,0.0,34.8,34.8,78.97927801798676,64.93520150365568,14.044076514331078,0,0,65.0,0,0,160.0,1.0,64.93520150365568,0.0,0,Serve critical first; charge renewable surplus; discharge feeder deficit; earliest-deadline tasks,1,False,31.34943518208635,79.14917394051758,139,0.0,34.8
140,2026-01-01T11:40:00+05:30,9.0,23.30575461870878,9.0,23.30575461870878,0.0,0.0,34.8,34.8,76.63633101677287,67.10575461870877,9.530576398064099,0,0,65.0,0,0,160.0,1.0,67.10575461870877,0.0,0,Serve critical first; charge renewable surplus; discharge feeder deficit; earliest-deadline tasks,1,False,31.300340286160637,76.76435830851148,140,0.0,34.8
141,2026-01-01T11:45:00+05:30,9.0,22.733823799973333,9.0,22.733823799973333,0.0,0.0,34.8,34.8,74.43996612063876,66.53382379997333,7.906142320665423,0,0,65.0,0,0,160.0,1.0,66.53382379997333,0.0,0,Serve critical first; charge renewable surplus; discharge feeder deficit; earliest-deadline tasks,1,False,31.257601419733863,74.52868740810477,141,0.0,34.8
142,2026-01-01T11:50:00+05:30,9.0,21.8634134442618,9.0,21.8634134442618,0.0,0.0,34.8,34.8,76.67321114468045,65.66341344426179,11.009797700418655,0,0,65.0,0,0,160.0,1.0,65.66341344426179,0.0,0,Serve critical first; charge renewable surplus; discharge feeder deficit; earliest-deadline tasks,1,False,31.220613160691382,76.7279930445788,142,0.0,34.8
143,2026-01-01T11:55:00+05:30,9.0,22.53109383229507,9.0,22.53109383229507,0.0,0.0,34.8,34.8,82.34764508108067,66.33109383229507,16.0165512487856,0,0,65.0,0,0,160.0,1.0,66.33109383229507,0.0,0,Serve critical first; charge renewable surplus; discharge feeder deficit; earliest-deadline tasks,1,False,31.188814076980773,82.36724625519187,143,0.0,28.8
144,2026-01-01T12:00:00+05:30,9.0,22.917936758022357,9.0,22.917936758022357,0.0,0.0,28.8,28.8,86.50918539374743,60.71793675802236,25.791248635725065,0,0,65.0,0,0,160.0,1.0,60.71793675802236,0.0,0,Serve critical first; charge renewable surplus; discharge feeder deficit; earliest-deadline tasks,1,False,31.161689191843276,86.48859855028459,144,0.0,28.8
145,2026-01-01T12:05:00+05:30,9.0,21.905772113874104,9.0,21.905772113874104,0.0,0.0,28.8,28.8,72.58447831555537,59.705772113874104,12.878706201681265,0,0,65.0,0,0,160.0,1.0,59.705772113874104,0.0,0,Serve critical first; charge renewable surplus; discharge feeder deficit; earliest-deadline tasks,1,False,31.138771633018532,72.53265478326324,145,0.0,28.8
146,2026-01-01T12:10:00+05:30,9.0,23.038371002460654,9.0,23.038371002460654,0.0,0.0,28.8,28.8,73.02423894154869,60.83837100246065,12.185867939088038,0,0,65.0,0,0,160.0,1.0,60.83837100246065,0.0,0,Serve critical first; charge renewable surplus; discharge feeder deficit; earliest-deadline tasks,1,False,31.119643597624375,72.93730859673202,146,0.0,28.8
147,2026-01-01T12:15:00+05:30,9.0,22.11675707067334,9.0,22.11675707067334,0.0,0.0,28.8,28.8,99.44627425933217,59.916757070673356,39.529517188658815,0,0,65.0,0,0,160.0,1.0,59.91675707067334,1.4210854715202004e-14,0,Serve critical first; charge renewable surplus; discharge feeder deficit; earliest-deadline tasks,1,False,31.103936763060855,99.28041815830481,147,0.0,28.8
148,2026-01-01T12:20:00+05:30,9.0,22.874734086346557,9.0,22.874734086346557,0.0,0.0,28.8,28.8,81.64281898084899,60.67473408634656,20.968084894502425,0,0,65.0,0,0,160.0,1.0,60.67473408634656,0.0,0,Serve critical first; charge renewable surplus; discharge feeder deficit; earliest-deadline tasks,1,False,31.091332269831934,81.46757037927553,148,0.0,28.8
149,2026-01-01T12:25:00+05:30,9.0,23.230815142468188,9.0,23.230815142468188,0.0,0.0,28.8,28.8,78.75961829556351,61.03081514246819,17.72880315309532,0,0,65.0,0,0,160.0,1.0,61.030815142468185,7.105427357601002e-15,0,Serve critical first; charge renewable surplus; discharge feeder deficit; earliest-deadline tasks,1,False,31.081560395156338,78.55270958036523,149,0.0,28.8
150,2026-01-01T12:30:00+05:30,9.0,22.297616247397517,9.0,22.297616247397517,0.0,0.0,28.8,28.8,87.35529525306822,60.097616247397525,27.2576790056707,0,0,65.0,0,0,160.0,1.0,60.09761624739752,7.105427357601002e-15,0,Serve critical first; charge renewable surplus; discharge feeder deficit; earliest-deadline tasks,1,False,31.074400027168885,87.08362403940782,150,0.0,28.8
151,2026-01-01T12:35:00+05:30,9.0,22.65969834981574,9.0,22.65969834981574,0.0,0.0,28.8,28.8,79.14825945773107,60.459698349815746,18.688561107915326,0,0,65.0,0,0,160.0,1.0,60.45969834981574,7.105427357601002e-15,0,Serve critical first; charge renewable surplus; discharge feeder deficit; earliest-deadline tasks,1,False,31.069678038879402,78.86367359095767,151,0.0,28.8
152,2026-01-01T12:40:00+05:30,9.0,21.79865633217577,9.0,21.79865633217577,0.0,0.0,28.8,28.8,79.85533471129682,59.59865633217577,20.25667837912105,0,0,65.0,0,0,160.0,1.0,59.59865633217577,0.0,0,Serve critical first; charge renewable surplus; discharge feeder deficit; earliest-deadline tasks,1,False,31.067268649296146,79.52916354177216,152,0.0,28.8
153,2026-01-01T12:45:00+05:30,9.0,23.176125943961555,9.0,23.176125943961555,0.0,0.0,9.599999999999913,9.599999999999913,90.8817204188846,41.77612594396146,49.10559447492314,0,0,65.0,0,0,160.0,1.0,41.77612594396146,0.0,0,Serve critical first; charge renewable surplus; discharge feeder deficit; earliest-deadline tasks,1,False,31.06709284661821,90.46573448641949,153,0.0,0
154,2026-01-01T12:50:00+05:30,9.0,21.643143977308508,9.0,21.643143977308508,0.0,0.0,0,0.0,91.44644362732191,30.64314397730851,60.8032996500134,0,0,65.0,0,0,160.0,1.0,30.643143977308508,3.552713678800501e-15,0,Serve critical first; charge renewable surplus; discharge feeder deficit; earliest-deadline tasks,1,False,31.069117935481874,90.9824245743461,154,0.0,0
155,2026-01-01T12:55:00+05:30,9.0,22.380903229741502,9.0,22.380903229741502,0.0,0.0,0,0.0,76.65152069027238,31.380903229741506,45.27061746053087,0,0,65.0,0,0,160.0,1.0,31.380903229741502,3.552713678800501e-15,0,Serve critical first; charge renewable surplus; discharge feeder deficit; earliest-deadline tasks,1,False,31.073357257176653,76.22410864310545,155,0.0,0
156,2026-01-01T13:00:00+05:30,9.0,22.07096683581578,9.0,22.07096683581578,0.0,0.0,0,0.0,72.18673962484044,31.07096683581578,41.11577278902466,0,0,65.0,0,0,160.0,1.0,31.07096683581578,0.0,0,Serve critical first; charge renewable surplus; discharge feeder deficit; earliest-deadline tasks,1,False,31.079870118736512,71.747609370456,156,0.0,0
157,2026-01-01T13:05:00+05:30,9.0,21.315235106381653,9.0,21.315235106381653,0.0,0.0,0,0.0,71.19407390840797,30.31523510638165,40.87883880202632,0,0,65.0,0,0,160.0,1.0,30.315235106381653,-3.552713678800501e-15,0,Serve critical first; charge renewable surplus; discharge feeder deficit; earliest-deadline tasks,1,False,31.08876195401928,70.72444703686831,157,0.0,0
158,2026-01-01T13:10:00+05:30,9.0,20.977470266991357,9.0,20.977470266991357,0.0,0.0,0,0.0,85.10370843478157,29.97747026699136,55.126238167790206,0,0,65.0,0,0,160.0,1.0,29.977470266991357,3.552713678800501e-15,0,Serve critical first; charge renewable surplus; discharge feeder deficit; earliest-deadline tasks,1,False,31.100184727423727,84.49809514808108,158,0.0,0
159,2026-01-01T13:15:00+05:30,9.0,22.97506608965164,9.0,22.97506608965164,0.0,0.0,0,0.0,90.30943988484763,31.97506608965164,58.334373795195994,0,0,65.0,0,0,160.0,1.0,31.97506608965164,0.0,0,Serve critical first; charge renewable surplus; discharge feeder deficit; earliest-deadline tasks,1,False,31.114337578834242,89.61919322637682,159,0.0,0
160,2026-01-01T13:20:00+05:30,9.0,21.369075977474534,9.0,21.369075977474534,0.0,0.0,0,0.0,92.59478606769186,30.369075977474537,62.22571009021732,0,0,65.0,0,0,160.0,1.0,30.369075977474534,3.552713678800501e-15,0,Serve critical first; charge renewable surplus; discharge feeder deficit; earliest-deadline tasks,1,False,31.13146769677262,91.83755130211637,160,0.0,0
161,2026-01-01T13:25:00+05:30,9.0,21.693214071036067,9.0,21.693214071036067,0.0,0.0,0,0.0,85.14643968618181,30.693214071036067,54.45322561514574,0,0,65.0,0,0,160.0,1.0,30.693214071036067,0.0,0,Serve critical first; charge renewable surplus; discharge feeder deficit; earliest-deadline tasks,1,False,31.151871395600875,84.40385053058048,161,0.0,0
162,2026-01-01T13:30:00+05:30,9.0,22.405799561105155,9.0,22.405799561105155,0.0,0.0,0,0.0,78.83703561137133,31.405799561105155,47.43123605026618,0,0,65.0,0,0,160.0,1.0,31.405799561105155,0.0,0,Serve critical first; charge renewable surplus; discharge feeder deficit; earliest-deadline tasks,1,False,31.17589536197316,78.10590140328199,162,0.0,0
163,2026-01-01T13:35:00+05:30,9.0,22.680064527265596,9.0,22.680064527265596,0.0,0.0,0,0.0,88.73405456622702,31.6800645272656,57.053990038961416,0,0,65.0,0,0,160.0,1.0,31.680064527265596,3.552713678800501e-15,0,Serve critical first; charge renewable surplus; discharge feeder deficit; earliest-deadline tasks,1,False,31.20393802559118,87.86119967169314,163,0.0,0
164,2026-01-01T13:40:00+05:30,9.0,22.726040258446165,9.0,22.726040258446165,0.0,0.0,0,0.0,78.1738601251238,31.72604025844616,46.447819866677634,0,0,65.0,0,0,160.0,1.0,31.726040258446165,-3.552713678800501e-15,0,Serve critical first; charge renewable surplus; discharge feeder deficit; earliest-deadline tasks,1,False,31.236450999694274,77.36003733991687,164,0.0,0
165,2026-01-01T13:45:00+05:30,9.0,23.20085448303346,9.0,23.20085448303346,0.0,0.0,0,0.0,83.31020063327146,32.20085448303346,51.109346150238004,0,0,65.0,0,0,160.0,1.0,32.20085448303346,0.0,0,Serve critical first; charge renewable surplus; discharge feeder deficit; earliest-deadline tasks,1,False,31.27394052764364,82.39413135656059,165,0.0,0
166,2026-01-01T13:50:00+05:30,9.0,21.93828305711373,9.0,21.93828305711373,0.0,0.0,0,0.0,88.17942685655588,30.93828305711373,57.24114379944215,0,0,65.0,0,0,160.0,1.0,30.93828305711373,0.0,0,Serve critical first; charge renewable surplus; discharge feeder deficit; earliest-deadline tasks,1,False,31.316968863488157,87.15706723794027,166,0.0,0
167,2026-01-01T13:55:00+05:30,9.0,22.05830946781157,9.0,22.05830946781157,0.0,0.0,0,0.0,64.0959629340639,31.05830946781157,33.03765346625234,0,0,65.0,0,0,160.0,1.0,31.05830946781157,0.0,0,Serve critical first; charge renewable surplus; discharge feeder deficit; earliest-deadline tasks,1,False,31.366155506599128,63.31360577233695,167,0.0,0
168,2026-01-01T14:00:00+05:30,9.0,23.610510328585175,9.0,23.610510328585175,0.0,0.0,0,0.0,25.56356649252069,25.563566492520685,3.552713678800501e-15,7.046943836064489,0.0,65.0,0,0,160.0,1.0,32.61051032858518,0.0,0,Serve critical first; charge renewable surplus; discharge feeder deficit; earliest-deadline tasks,1,False,31.422178203428285,25.235514288253967,168,0.0,0
169,2026-01-01T14:05:00+05:30,9.0,22.517280915527834,9.0,22.517280915527834,0.0,0.0,0,0.0,23.85471352921315,23.85471352921315,0,7.662567386314684,0.0,65.0,0,0,160.0,1.0,31.517280915527834,0.0,0,Serve critical first; charge renewable surplus; discharge feeder deficit; earliest-deadline tasks,1,False,31.48577362330112,23.533257664346923,169,0.0,0
170,2026-01-01T14:10:00+05:30,9.0,23.01467868756649,9.0,23.014678687566487,0.0,3.552713678800501e-15,0,0.0,18.916034626799267,18.916034626799267,0,13.09864406076722,0.0,65.0,0,0,160.0,1.0,32.01467868756649,0.0,0,Serve critical first; charge renewable surplus; discharge feeder deficit; earliest-deadline tasks,1,False,31.557737610053987,18.648645365719933,170,0.0,0
171,2026-01-01T14:15:00+05:30,9.0,23.35808547551621,9.0,23.358085475516205,0.0,3.552713678800501e-15,0,0.0,22.34539212704337,22.34539212704337,0,10.012693348472833,0.0,65.0,0,0,160.0,1.0,32.358085475516205,0.0,0,Serve critical first; charge renewable surplus; discharge feeder deficit; earliest-deadline tasks,1,False,31.63892490743094,22.014362726519437,171,0.0,0
172,2026-01-01T14:20:00+05:30,9.0,23.903193478071078,9.0,23.903193478071074,0.0,3.552713678800501e-15,0,0.0,20.990590020491478,20.990590020491478,0,11.912603457579596,0.0,65.0,0,0,160.0,1.0,32.903193478071074,0.0,0,Serve critical first; charge renewable surplus; discharge feeder deficit; earliest-deadline tasks,1,False,31.730248253667845,20.664964679553695,172,0.0,0
173,2026-01-01T14:25:00+05:30,9.0,22.124264305680217,9.0,22.124264305680217,0.0,0.0,0,0.0,22.633266741822915,22.633266741822915,0,8.490997563857302,0.0,65.0,0,0,160.0,1.0,31.124264305680217,0.0,0,Serve critical first; charge renewable surplus; discharge feeder deficit; earliest-deadline tasks,1,False,31.83267673981467,22.265853942488523,173,0.0,0
174,2026-01-01T14:30:00+05:30,9.0,22.9777670810657,9.0,22.9777670810657,0.0,0.0,0,0.0,22.95128075377704,22.95128075377704,0,9.026486327288659,0.0,65.0,0,0,160.0,1.0,31.9777670810657,0.0,0,Serve critical first; charge renewable surplus; discharge feeder deficit; earliest-deadline tasks,1,False,31.94723332729867,22.561634038634377,174,0.0,0
175,2026-01-01T14:35:00+05:30,9.0,21.688138753525074,9.0,21.688138753525074,0.0,0.0,0,0.0,21.329283416830396,21.329283416830396,0,9.358855336694678,0.0,65.0,0,0,160.0,1.0,30.688138753525074,0.0,0,Serve critical first; charge renewable surplus; discharge feeder deficit; earliest-deadline tasks,1,False,32.07499142322988,20.95076821169007,175,0.0,0
176,2026-01-01T14:40:00+05:30,9.0,24.209498745414724,9.0,24.20949874541472,0.0,3.552713678800501e-15,0,0.0,17.719960082273836,17.719960082273836,0,15.489538663140884,0.0,65.0,0,0,160.0,1.0,33.20949874541472,0.0,0,Serve critical first; charge renewable surplus; discharge feeder deficit; earliest-deadline tasks,1,False,32.217070417205534,17.39138178791374,176,0.0,0
177,2026-01-01T14:45:00+05:30,9.0,22.076918095254705,9.0,22.076918095254705,0.0,0.0,0,0.0,19.338254369319124,19.338254369319124,0,11.73866372593558,0.0,65.0,0,0,160.0,1.0,31.076918095254705,0.0,0,Serve critical first; charge renewable surplus; discharge feeder deficit; earliest-deadline tasks,1,False,32.37463009107509,18.96368952287355,177,0.0,0
178,2026-01-01T14:50:00+05:30,9.0,23.804894261261644,9.0,23.804894261261644,0.0,0.0,0,0.0,19.835232401177077,19.835232401177077,0,12.969661860084567,0.0,65.0,0,0,160.0,1.0,32.804894261261644,0.0,0,Serve critical first; charge renewable surplus; discharge feeder deficit; earliest-deadline tasks,1,False,32.548863823448414,19.434012616856506,178,0.0,0
179,2026-01-01T14:55:00+05:30,9.0,23.632680608604705,9.0,23.6326806086047,0.0,3.552713678800501e-15,0,0.0,17.659108612225744,17.659108612225744,0,14.973571996378958,0.0,65.0,0,0,160.0,1.0,32.6326806086047,0.0,0,Serve critical first; charge renewable surplus; discharge feeder deficit; earliest-deadline tasks,1,False,32.74099052379317,17.286127361350346,179,0.0,0
180,2026-01-01T15:00:00+05:30,9.0,24.34084296736883,9.0,24.34084296736883,0.0,0.0,0,0.0,21.142848317831145,21.142848317831145,0,12.197994649537684,0.0,65.0,0,0,160.0,1.0,33.34084296736883,0.0,0,Serve critical first; charge renewable surplus; discharge feeder deficit; earliest-deadline tasks,1,False,32.95224524685382,20.676588087121267,180,0.0,0
181,2026-01-01T15:05:00+05:30,9.0,23.97039302651093,9.0,23.97039302651093,0.0,0.0,0,0.0,17.233911381540086,17.233911381540082,3.552713678800501e-15,15.736481644970848,0.0,65.0,0,0,160.0,1.0,32.97039302651093,0.0,0,Serve critical first; charge renewable surplus; discharge feeder deficit; earliest-deadline tasks,1,False,33.18386845685251,16.837081629808733,181,0.0,0
182,2026-01-01T15:10:00+05:30,9.0,25.544540391986697,9.0,25.544540391986697,0.0,0.0,0,0.0,15.599987781939094,15.59998778193909,3.552713678800501e-15,18.94455261004761,0.0,65.0,0,0,160.0,1.0,34.5445403919867,0.0,0,Serve critical first; charge renewable surplus; discharge feeder deficit; earliest-deadline tasks,1,False,33.43709393245646,15.224890094151982,182,0.0,0
183,2026-01-01T15:15:00+05:30,9.0,24.620889299586747,9.0,24.620889299586747,0.0,0.0,0,0.0,18.891790415897052,18.89179041589705,3.552713678800501e-15,14.729098883689698,0.0,65.0,0,0,160.0,1.0,33.62088929958675,0.0,0,Serve critical first; charge renewable surplus; discharge feeder deficit; earliest-deadline tasks,1,False,33.71313532768906,18.41735933713408,183,0.0,0
184,2026-01-01T15:20:00+05:30,9.0,25.57451557277846,9.0,25.57451557277846,0.0,0.0,0,0.0,17.921956204095622,17.921956204095622,0,16.652559368682837,0.0,65.0,0,0,160.0,1.0,34.57451557277846,0.0,0,Serve critical first; charge renewable surplus; discharge feeder deficit; earliest-deadline tasks,1,False,34.013171430618726,17.451756826906806,184,0.0,0
185,2026-01-01T15:25:00+05:30,9.0,25.557933043629717,9.0,25.557933043629717,0.0,0.0,0,0.0,15.885275528752437,15.885275528752437,0,18.67265751487728,0.0,65.0,0,0,160.0,1.0,34.55793304362972,0.0,0,Serve critical first; charge renewable surplus; discharge feeder deficit; earliest-deadline tasks,1,False,34.338330190481855,15.449721029533361,185,0.0,0
186,2026-01-01T15:30:00+05:30,9.0,26.754777152493823,9.0,26.754777152493823,0.0,0.0,0,0.0,13.1573038040985,13.1573038040985,0,22.597473348395322,0.0,65.0,0,0,160.0,1.0,35.75477715249382,0.0,0,Serve critical first; charge renewable surplus; discharge feeder deficit; earliest-deadline tasks,1,False,34.689671614497016,12.7801143684201,186,0.0,0
187,2026-01-01T15:35:00+05:30,9.0,25.453952634121393,9.0,25.453952634121393,0.0,0.0,0,0.0,15.010608647764448,15.010608647764448,0,19.443343986356943,0.0,65.0,0,0,160.0,1.0,34.45395263412139,0.0,0,Serve critical first; charge renewable surplus; discharge feeder deficit; earliest-deadline tasks,1,False,35.068169667529205,14.560444666296068,187,0.0,0
188,2026-01-01T15:40:00+05:30,9.0,26.749977711174182,9.0,26.749977711174182,0.0,0.0,0,0.0,13.774219505372066,13.774219505372066,0,21.975758205802116,0.0,65.0,0,0,160.0,1.0,35.74997771117418,0.0,0,Serve critical first; charge renewable surplus; discharge feeder deficit; earliest-deadline tasks,1,False,35.47469334039691,13.34180739527298,188,0.0,0
189,2026-01-01T15:45:00+05:30,9.0,25.51464053490937,9.0,25.51464053490937,0.0,0.0,0,0.0,14.090564401143412,14.090564401143412,0,20.424076133765958,0.0,65.0,0,0,160.0,1.0,34.51464053490937,0.0,0,Serve critical first; charge renewable surplus; discharge feeder deficit; earliest-deadline tasks,1,False,35.90998708533232,13.62717849905563,189,0.0,0
190,2026-01-01T15:50:00+05:30,9.0,27.34959881171172,9.0,27.349598811711715,0.0,3.552713678800501e-15,0,0.0,13.99169210308701,13.99169210308701,0,22.357906708624704,0.0,65.0,0,0,160.0,1.0,36.349598811711715,0.0,0,Serve critical first; charge renewable surplus; discharge feeder deficit; earliest-deadline tasks,1,False,36.37465084918135,13.509251796833537,190,0.0,0
191,2026-01-01T15:55:00+05:30,9.0,28.605773153932166,9.0,28.605773153932162,0.0,3.552713678800501e-15,0,0.0,13.265686537563623,13.265686537563623,0,24.340086616368538,0.0,65.0,0,0,160.0,1.0,37.60577315393216,0.0,0,Serve critical first; charge renewable surplus; discharge feeder deficit; earliest-deadline tasks,1,False,36.869119965582485,12.785630647772207,191,0.0,0
192,2026-01-01T16:00:00+05:30,9.0,26.882883432202323,9.0,26.88288343220232,0.0,3.552713678800501e-15,0,0.0,13.496776194894961,13.496776194894961,0,22.386107237307357,0.0,65.0,0,0,160.0,1.0,35.88288343220232,0.0,0,Serve critical first; charge renewable surplus; discharge feeder deficit; earliest-deadline tasks,1,False,37.39364519575914,12.983595532726062,192,0.0,0
193,2026-01-01T16:05:00+05:30,9.0,28.016911198214434,9.0,28.01691119821443,0.0,3.552713678800501e-15,0,0.0,10.490369258098909,10.490369258098909,0,26.52654194011552,0.0,65.0,0,0,160.0,1.0,37.01691119821443,0.0,0,Serve critical first; charge renewable surplus; discharge feeder deficit; earliest-deadline tasks,1,False,37.94827323284279,10.070741294299188,193,0.0,0
194,2026-01-01T16:10:00+05:30,9.0,28.604523942291557,9.0,28.604523942291557,0.0,0.0,0,0.0,10.403355830268133,10.403355830268133,0,27.201168112023424,0.0,65.0,0,0,160.0,1.0,37.60452394229156,0.0,0,Serve critical first; charge renewable surplus; discharge feeder deficit; earliest-deadline tasks,1,False,38.53282800594952,9.964917039630421,194,0.0,0
195,2026-01-01T16:15:00+05:30,9.0,30.026682255372904,9.0,30.026682255372904,0.0,0.0,0,0.0,12.909555594256128,12.909555594256128,0,26.117126661116778,0.0,65.0,0,0,160.0,1.0,39.026682255372904,0.0,0,Serve critical first; charge renewable surplus; discharge feeder deficit; earliest-deadline tasks,1,False,39.14689313671359,12.335413646656828,195,0.0,0
196,2026-01-01T16:20:00+05:30,9.0,30.988945304981957,9.0,30.988945304981954,0.0,3.552713678800501e-15,0,0.0,12.5272869879683,12.5272869879683,0,27.461658317013654,0.0,65.0,0,0,160.0,1.0,39.988945304981954,0.0,0,Serve critical first; charge renewable surplus; discharge feeder deficit; earliest-deadline tasks,1,False,39.789795911835,11.938252139256264,196,0.0,0
197,2026-01-01T16:25:00+05:30,9.0,29.47078191709464,9.0,29.47078191709464,0.0,0.0,0,0.0,11.525925148982283,11.525925148982283,0,26.94485676811236,0.0,65.0,0,0,160.0,1.0,38.47078191709464,0.0,0,Serve critical first; charge renewable surplus; discharge feeder deficit; earliest-deadline tasks,1,False,40.46059313968709,10.951748849240012,197,0.0,0
198,2026-01-01T16:30:00+05:30,9.0,32.45537780994826,9.0,32.45537780994826,0.0,0.0,0,0.0,9.038194876406576,9.038194876406576,0,32.41718293354168,0.0,65.0,0,0,160.0,1.0,41.45537780994826,0.0,0,Serve critical first; charge renewable surplus; discharge feeder deficit; earliest-deadline tasks,1,False,41.158059256515074,8.560040345581053,198,0.0,0
199,2026-01-01T16:35:00+05:30,9.0,32.056109721739865,9.0,32.056109721739865,0.0,0.0,0,0.0,8.355276114950994,8.355276114950994,0,32.70083360678887,0.0,65.0,0,0,160.0,1.0,41.056109721739865,0.0,0,Serve critical first; charge renewable surplus; discharge feeder deficit; earliest-deadline tasks,1,False,41.880677037718314,7.884582832125943,199,0.0,0
200,2026-01-01T16:40:00+05:30,9.0,32.12822025020992,9.0,32.12822025020992,0.0,0.0,0,0.0,8.894274329406146,8.894274329406146,0,32.23394592080378,0.0,65.0,0,0,160.0,1.0,41.12822025020992,0.0,0,Serve critical first; charge renewable surplus; discharge feeder deficit; earliest-deadline tasks,1,False,42.626631251769496,8.359071360255127,200,0.0,0
201,2026-01-01T16:45:00+05:30,9.0,33.17688006906977,9.0,33.17688006906977,0.0,0.0,0,0.0,7.993763932680049,7.993763932680049,0,34.18311613638972,0.0,65.0,0,0,160.0,1.0,42.17688006906977,0.0,0,Serve critical first; charge renewable surplus; discharge feeder deficit; earliest-deadline tasks,1,False,43.39380556828083,7.478145759600158,201,0.0,0
202,2026-01-01T16:50:00+05:30,9.0,35.265166419355296,9.0,35.265166419355296,0.0,0.0,0,0.0,8.205621834752895,8.205621834752895,0,36.0595445846024,0.0,65.0,0,0,160.0,1.0,44.265166419355296,0.0,0,Serve critical first; charge renewable surplus; discharge feeder deficit; earliest-deadline tasks,1,False,44.17978299755453,7.635938752479745,202,0.0,0
203,2026-01-01T16:55:00+05:30,9.0,33.55905210274862,9.0,33.55905210274862,0.0,0.0,0,0.0,7.385612482753761,7.385612482753761,0,35.173439619994866,0.0,65.0,0,0,160.0,1.0,42.55905210274862,0.0,0,Serve critical first; charge renewable surplus; discharge feeder deficit; earliest-deadline tasks,1,False,44.98185009683202,6.831089967217908,203,0.0,0
204,2026-01-01T17:00:00+05:30,9.0,37.1805887271651,9.0,37.1805887271651,0.0,0.0,0,0.0,5.660505750339799,5.660505750339799,0,24.0,0.0,24.0,0,16.5200829768253,158.55086991431358,0.9909429369644599,46.1805887271651,0.0,0,Serve critical first; charge renewable surplus; discharge feeder deficit; earliest-deadline tasks,1,False,45.79700512877402,5.19831282027184,204,97.74677035712503,0
205,2026-01-01T17:05:00+05:30,9.0,37.8876415560063,9.0,37.8876415560063,0.0,0.0,0,0.0,5.174779266004035,5.174779266004035,0,24.0,0.0,24.0,0,17.712862290002263,156.99711006431338,0.9812319379019586,46.8876415560063,0.0,0,Serve critical first; charge renewable surplus; discharge feeder deficit; earliest-deadline tasks,1,False,46.621970301063,4.712215839094973,205,98.954886716036,0
206,2026-01-01T17:10:00+05:30,9.0,37.29731748734314,9.0,37.29731748734314,0.0,0.0,0,0.0,5.369905321325066,5.369905321325059,7.105427357601002e-15,24.0,0.0,24.0,0,16.92741216601808,155.512249347996,0.971951558424975,46.29731748734314,-7.105427357601002e-15,0,Serve critical first; charge renewable surplus; discharge feeder deficit; earliest-deadline tasks,1,False,47.45320815323365,4.840225591203586,206,99.83954769528181,0
207,2026-01-01T17:15:00+05:30,9.0,36.23969820741279,9.0,36.23969820741279,0.0,0.0,0,0.0,4.335895570433984,4.335895570433984,0,24.0,0.0,24.0,0,16.90380263697881,154.02945964299786,0.9626841227687366,45.23969820741279,0.0,0,Serve critical first; charge renewable surplus; discharge feeder deficit; earliest-deadline tasks,1,False,48.28694208892909,3.8593424654747066,207,100.86925179228602,0
208,2026-01-01T17:20:00+05:30,9.0,40.0888264353304,9.0,40.08882643533039,0.0,7.105427357601002e-15,0,0.0,4.140505380737086,4.140505380737086,0,24.0,0.0,24.0,0,20.948321054593308,152.1918876206651,0.951199297629157,49.08882643533039,0.0,0,Serve critical first; charge renewable surplus; discharge feeder deficit; earliest-deadline tasks,1,False,49.11918097995331,3.627263513605247,208,101.5479664095155,0
209,2026-01-01T17:25:00+05:30,9.0,40.2111679724383,9.0,40.2111679724383,0.0,0.0,0,0.0,3.49386992168659,3.49386992168659,0,24.0,0.0,24.0,0,21.717298050751708,150.28686147586234,0.9392928842241396,49.2111679724383,0.0,0,Serve critical first; charge renewable surplus; discharge feeder deficit; earliest-deadline tasks,1,False,49.945747694117806,2.9978397694919976,209,102.15309543040372,0
210,2026-01-01T17:30:00+05:30,9.0,41.51412230954827,9.0,41.51412230954827,0.0,0.0,0,0.0,3.844567266506827,3.844567266506827,0,24.0,0.0,24.0,0,22.66955504304144,148.29830401594643,0.9268644000996652,50.51412230954827,0.0,0,Serve critical first; charge renewable surplus; discharge feeder deficit; earliest-deadline tasks,1,False,50.76231132347893,3.206605634807291,210,102.45062606209342,0
211,2026-01-01T17:35:00+05:30,9.0,43.02835614133065,9.0,43.02835614133065,0.0,0.0,0,0.0,2.6868704375715193,2.6868704375715193,0,24.0,0.0,24.0,0,25.341485703759126,146.0753666735114,0.9129710417094463,52.02835614133065,0.0,0,Serve critical first; charge renewable surplus; discharge feeder deficit; earliest-deadline tasks,1,False,51.56442281474761,2.1510325245553465,211,102.79376139610147,0
212,2026-01-01T17:40:00+05:30,9.0,44.90320529079392,9.0,44.90320529079392,0.0,0.0,0,0.0,2.138959432825355,2.138959432825355,0,24.0,0.0,24.0,0,27.764245857968568,143.63990651053172,0.8977494156908232,53.90320529079392,0.0,0,Serve critical first; charge renewable surplus; discharge feeder deficit; earliest-deadline tasks,1,False,52.34755363111033,1.605110986296645,212,102.88813398119568,0
213,2026-01-01T17:45:00+05:30,9.0,42.19485101249086,9.0,42.19485101249086,0.0,0.0,0,0.0,1.6446406897057384,1.6446406897057384,0,24.0,0.0,24.0,0,25.55021032278512,141.39865999098916,0.8837416249436822,51.19485101249086,0.0,0,Serve critical first; charge renewable surplus; discharge feeder deficit; earliest-deadline tasks,1,False,53.10713700614533,1.09686218634331,213,102.81507315752467,0
214,2026-01-01T17:50:00+05:30,9.0,46.6743106678096,9.0,46.6743106678096,0.0,0.0,0,0.0,1.0839855362910606,1.0839855362910606,0,24.0,0.0,24.0,0,30.59032513151854,138.7152981373472,0.86697061335842,55.6743106678096,0.0,0,Serve critical first; charge renewable surplus; discharge feeder deficit; earliest-deadline tasks,1,False,53.838611287636205,0.5421217784482105,214,102.58440479218388,0
215,2026-01-01T17:55:00+05:30,9.0,43.71323653931179,9.0,43.71323653931178,0.0,7.105427357601002e-15,0,0.0,0.5706946656289174,0.5706946656289174,0,24.0,0.0,24.0,0,28.142541873682866,136.24665411333993,0.8515415882083746,52.71323653931178,0.0,0,Serve critical first; charge renewable surplus; discharge feeder deficit; earliest-deadline tasks,1,False,57.53746481350503,0.0,215,102.19363587436017,0
216,2026-01-01T18:00:00+05:30,12.0,46.282378473313614,12.0,46.282378473313614,0.0,0.0,0,0.0,0.0,0.0,0,24.0,0.0,24.0,0,34.282378473313614,133.23942793147032,0.8327464245716895,58.282378473313614,0.0,0,bounded local fallback using local meter and SOC,1,True,58.19928171531959,0.0,216,101.39733464663307,0
217,2026-01-01T18:05:00+05:30,12.0,47.36069963119637,12.0,47.36069963119637,0.0,0.0,0,0.0,0.0,0.0,0,24.0,0.0,24.0,0,35.36069963119637,130.13761217434782,0.8133600760896739,59.36069963119637,0.0,0,bounded local fallback using local meter and SOC,1,True,58.81978800822749,0.0,217,100.47904308487638,0
218,2026-01-01T18:10:00+05:30,12.0,46.32429491938957,12.0,46.32429491938957,0.0,0.0,0,0.0,0.0,0.0,0,24.0,0.0,24.0,0,34.32429491938957,127.12670911124347,0.7945419319452717,58.32429491938957,0.0,0,bounded local fallback using local meter and SOC,1,True,59.39489730088591,0.0,218,99.44354454540183,0
219,2026-01-01T18:15:00+05:30,12.0,50.133243473906134,12.0,50.133243473906134,0.0,0.0,0,0.0,0.0,0.0,0,24.0,0.0,24.0,0,38.133243473906134,123.78168775388329,0.7736355484617705,62.133243473906134,0.0,0,bounded local fallback using local meter and SOC,1,True,59.92075544590823,0.0,219,98.29618903725232,0
220,2026-01-01T18:20:00+05:30,12.0,49.42043628505902,12.0,49.42043628505902,0.0,0.0,0,0.0,0.0,0.0,0,24.0,0.0,24.0,0,37.42043628505902,120.4991933429132,0.7531199583932076,61.42043628505902,0.0,0,bounded local fallback using local meter and SOC,1,True,60.393783451177384,0.0,220,97.04284916407231,0
221,2026-01-01T18:25:00+05:30,12.0,45.55589353824615,12.0,45.55589353824615,0.0,0.0,0,0.0,0.0,0.0,0,24.0,0.0,24.0,0,33.55589353824615,117.55569390973372,0.7347230869358358,57.55589353824615,0.0,0,bounded local fallback using local meter and SOC,1,True,60.8107179854342,0.0,221,95.68987213949806,0
222,2026-01-01T18:30:00+05:30,12.0,48.9389050778264,12.0,48.9389050778264,0.0,0.0,0,0.0,0.0,0.0,0,24.0,0.0,24.0,0,36.9389050778264,114.31543907834543,0.7144714942396589,60.9389050778264,0.0,0,bounded local fallback using local meter and SOC,1,True,61.168648837870926,0.0,222,94.24402839042979,0
223,2026-01-01T18:35:00+05:30,12.0,47.4562051254178,12.0,47.4562051254178,0.0,0.0,0,0.0,0.0,0.0,0,24.0,0.0,24.0,0,35.4562051254178,111.20524564629125,0.6950327852893203,59.4562051254178,0.0,0,bounded local fallback using local meter and SOC,1,True,61.465052730763034,0.0,223,92.71245729629987,0
224,2026-01-01T18:40:00+05:30,12.0,46.79191545867726,12.0,46.79191545867726,0.0,0.0,0,0.0,0.0,0.0,0,24.0,0.0,24.0,0,34.79191545867726,108.15332323763535,0.6759582702352209,58.79191545867726,0.0,0,bounded local fallback using local meter and SOC,1,True,61.69782293584764,0.0,224,91.10261063941962,0
225,2026-01-01T18:45:00+05:30,12.0,49.862808185026935,12.0,49.862808185026935,0.0,0.0,0,0.0,0.0,0.0,0,24.0,0.0,24.0,0,37.862808185026935,104.8320242740365,0.6552001517127282,61.862808185026935,0.0,0,bounded local fallback using local meter and SOC,1,True,61.86529420829208,0.0,225,89.42219436129686,0
226,2026-01-01T18:50:00+05:30,12.0,52.040559885556675,12.0,52.040559885556675,0.0,0.0,0,0.0,0.0,0.0,0,24.0,0.0,24.0,0,40.040559885556675,101.31969445951398,0.6332480903719624,64.04055988555668,0.0,0,bounded local fallback using local meter and SOC,1,True,61.96626262547959,0.0,226,87.67910923219473,0
227,2026-01-01T18:55:00+05:30,12.0,51.73058064550711,12.0,51.73058064550711,0.0,0.0,0,0.0,0.0,0.0,0,24.0,0.0,24.0,0,39.73058064550711,97.83455580639932,0.6114659737899958,63.73058064550711,0.0,0,bounded local fallback using local meter and SOC,1,True,62.00000000000073,0.0,227,85.88139104597207,0
228,2026-01-01T19:00:00+05:30,12.0,52.48356295924306,12.0,52.48356295924306,0.0,0.0,0,0.0,0.0,0.0,0,24.0,0.0,24.0,0,40.48356295924306,94.28336607313238,0.5892710379570774,64.48356295924306,0.0,0,bounded local fallback using local meter and SOC,1,True,61.9662626254789,0.0,228,84.03715094932458,0
229,2026-01-01T19:05:00+05:30,12.0,52.34012153681387,12.0,52.34012153681387,0.0,0.0,0,0.0,0.0,0.0,0,24.0,0.0,24.0,0,40.34012153681387,90.74475892078028,0.5671547432548768,64.34012153681387,0.0,0,bounded local fallback using local meter and SOC,1,True,61.865294208290564,0.0,229,82.1545165039806,0
230,2026-01-01T19:10:00+05:30,12.0,52.83627970440478,12.0,52.836279704404774,0.0,7.105427357601002e-15,0,0.0,0.0,0.0,0,24.0,0.0,24.0,0,40.836279704404774,87.16262912214829,0.5447664320134268,64.83627970440477,0.0,0,bounded local fallback using local meter and SOC,1,True,61.69782293584499,0.0,230,80.24157406234093,0
231,2026-01-01T19:15:00+05:30,12.0,51.56367069034604,12.0,51.56367069034604,0.0,0.0,0,0.0,0.0,0.0,0,24.0,0.0,24.0,0,39.56367069034604,83.69213169317057,0.523075823082316,63.56367069034604,0.0,0,bounded local fallback using local meter and SOC,1,True,61.46505273075873,0.0,231,78.30631301175383,0
232,2026-01-01T19:20:00+05:30,12.0,50.927756014978144,12.0,50.927756014978144,0.0,0.0,0,0.0,0.0,0.0,0,24.0,0.0,24.0,0,38.927756014978144,80.2774162532602,0.5017338515828762,62.927756014978144,0.0,0,bounded local fallback using local meter and SOC,1,True,61.16864883786411,0.0,232,76.3565724104636,0
233,2026-01-01T19:25:00+05:30,12.0,49.27540018282269,12.0,49.27540018282269,0.0,0.0,0,0.0,0.0,0.0,0,24.0,0.0,24.0,0,37.27540018282269,77.00764430739856,0.48129777692124104,61.27540018282269,0.0,0,bounded local fallback using local meter and SOC,1,True,60.81071798542354,0.0,233,74.39999049975842,0
234,2026-01-01T19:30:00+05:30,12.0,47.562233733058704,12.0,47.562233733058704,0.0,0.0,0,0.0,0.0,0.0,0,24.0,0.0,24.0,0,35.562233733058704,73.88815012028815,0.4618009382518009,59.562233733058704,0.0,0,bounded local fallback using local meter and SOC,1,True,60.39378345116087,0.0,234,72.44395753255586,0
235,2026-01-01T19:35:00+05:30,12.0,50.914010992836936,12.0,50.914010992836936,0.0,0.0,0,0.0,0.0,0.0,0,24.0,0.0,24.0,0,38.914010992836936,70.47464038407438,0.44046650240046487,62.914010992836936,0.0,0,bounded local fallback using local meter and SOC,1,True,59.92075544588275,0.0,235,70.49557230930073,0
236,2026-01-01T19:40:00+05:30,12.0,45.946978568726664,12.0,45.946978568726664,0.0,0.0,0,0.0,0.0,0.0,0,24.0,0.0,24.0,0,33.946978568726664,67.49683524646677,0.42185522029041733,57.946978568726664,0.0,0,bounded local fallback using local meter and SOC,1,True,59.39489730084674,0.0,236,68.56160275838546,0
237,2026-01-01T19:45:00+05:30,12.0,47.064483254564074,12.0,47.064483254564074,0.0,0.0,0,0.0,0.0,0.0,0,24.0,0.0,24.0,0,35.064483254564074,64.42100338203133,0.4026312711376958,59.064483254564074,0.0,0,bounded local fallback using local meter and SOC,1,True,58.81978800816758,0.0,237,66.64845084117945,0
238,2026-01-01T19:50:00+05:30,12.0,45.32126534432345,12.0,45.32126534432345,0.0,0.0,0,0.0,0.0,0.0,0,24.0,0.0,24.0,0,33.32126534432345,61.49808536937138,0.38436303355857115,57.32126534432345,0.0,0,bounded local fallback using local meter and SOC,1,True,58.19928171522823,0.0,238,64.76212200208288,0
239,2026-01-01T19:55:00+05:30,12.0,44.23955181344527,12.0,44.23955181344527,0.0,0.0,0,0.0,0.0,0.0,0,24.0,0.0,24.0,0,32.23955181344527,58.67005450854285,0.3666878406783928,56.23955181344527,0.0,0,bounded local fallback using local meter and SOC,1,True,57.53746481336615,0.0,239,62.90819932274665,0
240,2026-01-01T20:00:00+05:30,12.0,43.57933286983106,12.0,43.57933286983106,0.0,0.0,0,0.0,0.0,0.0,0,24.0,0.0,24.0,0,31.579332869831063,55.89993759013662,0.34937460993835384,55.57933286983106,0.0,0,Serve critical first; charge renewable surplus; discharge feeder deficit; earliest-deadline tasks,1,False,56.838611287425934,0.0,240,60.841822477684424,0
241,2026-01-01T20:05:00+05:30,12.0,43.075693364285016,12.0,43.075693364285016,0.0,0.0,0,0.0,0.0,0.0,0,24.0,0.0,24.0,0,31.075693364285016,53.17399957572565,0.3323374973482853,55.075693364285016,0.0,0,Serve critical first; charge renewable surplus; discharge feeder deficit; earliest-deadline tasks,1,False,56.107137005828015,0.0,241,58.817671526921046,0
242,2026-01-01T20:10:00+05:30,12.0,44.743013603268345,12.0,44.743013603268345,0.0,0.0,0,0.0,0.0,0.0,0,24.0,0.0,24.0,0,32.743013603268345,50.30180540000036,0.31438628375000227,56.743013603268345,0.0,0,Serve critical first; charge renewable surplus; discharge feeder deficit; earliest-deadline tasks,1,False,55.34755363063311,0.0,242,56.83995552102726,0
243,2026-01-01T20:15:00+05:30,12.0,45.94434843662748,12.0,45.94434843662748,0.0,0.0,0,0.0,0.0,0.0,0,24.0,0.0,24.0,0,33.94434843662748,47.32423097573479,0.29577644359834243,57.94434843662748,0.0,0,Serve critical first; charge renewable surplus; discharge feeder deficit; earliest-deadline tasks,1,False,54.56442281403248,0.0,243,54.91240583579494,0
244,2026-01-01T20:20:00+05:30,12.0,44.64189386547129,12.0,44.64189386547129,0.0,0.0,0,0.0,0.0,0.0,0,24.0,0.0,24.0,0,32.64189386547129,44.460906952447836,0.27788066845279896,56.64189386547129,0.0,0,Serve critical first; charge renewable surplus; discharge feeder deficit; earliest-deadline tasks,1,False,53.76231132241098,0.0,244,53.03827409877932,0
245,2026-01-01T20:25:00+05:30,12.0,42.070049455206885,12.0,42.070049455206885,0.0,0.0,0,0.0,0.0,0.0,0,24.0,0.0,24.0,0,30.070049455206885,41.82318331602618,0.2613948957251636,54.070049455206885,0.0,0,Serve critical first; charge renewable surplus; discharge feeder deficit; earliest-deadline tasks,1,False,52.945747692528414,0.0,245,51.22033451876731,0
246,2026-01-01T20:30:00+05:30,12.0,41.33073140046787,12.0,41.33073140046787,0.0,0.0,0,0.0,0.0,0.0,0,24.0,0.0,24.0,0,29.33073140046787,39.25031214054654,0.24531445087841589,53.33073140046787,0.0,0,Serve critical first; charge renewable surplus; discharge feeder deficit; earliest-deadline tasks,1,False,52.1191809775962,0.0,246,49.460890382624335,0
247,2026-01-01T20:35:00+05:30,12.0,41.51943208130525,12.0,41.51943208130525,0.0,0.0,0,0.0,0.0,0.0,0,24.0,0.0,24.0,0,29.519432081305247,36.66088827376538,0.22913055171103364,53.51943208130525,0.0,0,Serve critical first; charge renewable surplus; discharge feeder deficit; earliest-deadline tasks,1,False,51.2869420854455,0.0,247,47.761784442535564,0
248,2026-01-01T20:40:00+05:30,12.0,39.57290642389773,12.0,39.57290642389773,0.0,0.0,0,0.0,0.0,0.0,0,24.0,0.0,24.0,0,27.572906423897727,34.24221227166909,0.2140138266979318,51.57290642389773,0.0,0,Serve critical first; charge renewable surplus; discharge feeder deficit; earliest-deadline tasks,1,False,50.45320814810304,0.0,248,46.12441288088852,0
249,2026-01-01T20:45:00+05:30,12.0,37.45315864479617,12.0,37.45315864479617,0.0,0.0,0,0.0,0.0,0.0,0,24.0,0.0,24.0,0,25.45315864479617,32.009479057213284,0.20005924410758302,49.45315864479617,0.0,0,Serve critical first; charge renewable surplus; discharge feeder deficit; earliest-deadline tasks,1,False,49.621970293532954,0.0,249,44.54974251031051,0
250,2026-01-01T20:50:00+05:30,12.0,38.68091617542593,12.0,38.68091617542593,0.0,0.0,0,0.0,0.0,0.0,0,24.0,0.0,24.0,0,26.680916175425928,29.66904781375487,0.18543154883596794,50.68091617542593,0.0,0,Serve critical first; charge renewable surplus; discharge feeder deficit; earliest-deadline tasks,1,False,48.79700511776063,0.0,250,43.03833084293602,0
251,2026-01-01T20:55:00+05:30,12.0,38.98251472538338,12.0,38.98251472538338,0.0,0.0,0,0.0,0.0,0.0,0,24.0,0.0,24.0,0,26.982514725383382,27.30216055714229,0.17063850348213933,50.98251472538338,0.0,0,Serve critical first; charge renewable surplus; discharge feeder deficit; earliest-deadline tasks,1,False,47.981850080779736,0.0,251,41.59034864596136,0
252,2026-01-01T21:00:00+05:30,12.0,38.105802059222775,12.0,38.105802059222775,0.0,0.0,0,0.0,0.0,0.0,0,24.0,0.0,24.0,0,26.105802059222775,25.012177920368362,0.15632611200230226,50.105802059222775,0.0,0,Serve critical first; charge renewable surplus; discharge feeder deficit; earliest-deadline tasks,1,False,47.17978297423915,0.0,252,40.175194566342384,0
253,2026-01-01T21:05:00+05:30,12.0,34.23752616482276,12.0,34.23752616482276,0.0,0.0,0,0.0,0.0,0.0,0,24.0,0.0,24.0,0,22.23752616482276,23.06151773047163,0.1441344858154477,46.23752616482276,0.0,0,Serve critical first; charge renewable surplus; discharge feeder deficit; earliest-deadline tasks,1,False,46.39380553453336,0.0,253,38.826879449141686,0
254,2026-01-01T21:10:00+05:30,12.0,34.087498961096934,12.0,34.087498961096934,0.0,0.0,0,0.0,0.0,0.0,0,24.0,0.0,24.0,0,22.087498961096934,21.124017821603477,0.13202511138502174,46.087498961096934,0.0,0,Serve critical first; charge renewable surplus; discharge feeder deficit; earliest-deadline tasks,1,False,45.626631203091556,0.0,254,37.54406250265698,0
255,2026-01-01T21:15:00+05:30,12.0,35.114887957608865,12.0,35.114887957608865,0.0,0.0,0,0.0,0.0,0.0,0,24.0,0.0,24.0,0,23.114887957608865,19.09639607093603,0.11935247544335019,47.114887957608865,0.0,0,Serve critical first; charge renewable surplus; discharge feeder deficit; earliest-deadline tasks,1,False,44.88067696774789,0.0,255,36.32517682003248,0
256,2026-01-01T21:20:00+05:30,12.0,31.377850317654183,12.0,31.37785031765418,0.0,3.552713678800501e-15,0,0.0,0.0,0.0,0,24.0,0.0,24.0,0,19.37785031765418,17.396584639562857,0.10872865399726786,43.37785031765418,0.0,0,Serve critical first; charge renewable surplus; discharge feeder deficit; earliest-deadline tasks,1,False,44.15805915628705,0.0,256,35.168454085407966,0
257,2026-01-01T21:25:00+05:30,12.0,31.001657888619278,12.0,27.92106489101657,0.0,3.0805929976027073,0,0.0,0.0,0.0,0,24.0,0.0,24.0,0,15.921064891016567,16.0,0.1,39.92106489101657,0.0,1,Serve critical first; charge renewable surplus; discharge feeder deficit; earliest-deadline tasks,1,False,43.46059299661467,0.0,257,34.0719496311419,0
258,2026-01-01T21:30:00+05:30,12.0,32.26202329483465,12.0,12.0,0.0,20.26202329483465,0,0.0,0.0,0.0,0,24.0,0.0,24.0,0,0,16.0,0.1,24.0,0.0,2,Serve critical first; charge renewable surplus; discharge feeder deficit; earliest-deadline tasks,1,False,42.78979570831153,0.0,258,33.03356753238147,0
259,2026-01-01T21:35:00+05:30,12.0,30.622015395734095,12.0,12.0,0.0,18.622015395734095,0,0.0,0.0,0.0,0,24.0,0.0,24.0,0,0,16.0,0.1,24.0,0.0,3,Serve critical first; charge renewable surplus; discharge feeder deficit; earliest-deadline tasks,1,False,42.1468928482007,0.0,259,32.051085444898824,0
260,2026-01-01T21:40:00+05:30,12.0,29.442690023160214,12.0,12.0,0.0,17.442690023160214,0,0.0,0.0,0.0,0,24.0,0.0,24.0,0,0,16.0,0.1,24.0,0.0,4,Serve critical first; charge renewable surplus; discharge feeder deficit; earliest-deadline tasks,1,False,41.532827598374126,0.0,260,31.122178915281154,0
261,2026-01-01T21:45:00+05:30,12.0,28.94802085866248,12.0,12.0,0.0,16.94802085866248,0,0.0,0.0,0.0,0,24.0,0.0,24.0,0,0,16.0,0.1,24.0,0.0,5,Serve critical first; charge renewable surplus; discharge feeder deficit; earliest-deadline tasks,1,False,40.94827265906639,0.0,261,30.24444491859017,0
262,2026-01-01T21:50:00+05:30,12.0,28.803981925606625,12.0,12.0,0.0,16.803981925606625,0,0.0,0.0,0.0,0,24.0,0.0,24.0,0,0,16.0,0.1,24.0,0.0,6,Serve critical first; charge renewable surplus; discharge feeder deficit; earliest-deadline tasks,1,False,40.3936443908081,0.0,262,29.415424406821664,0
263,2026-01-01T21:55:00+05:30,12.0,28.5608598867553,12.0,12.0,0.0,16.5608598867553,0,0.0,0.0,0.0,0,24.0,0.0,24.0,0,0,16.0,0.1,24.0,0.0,7,Serve critical first; charge renewable surplus; discharge feeder deficit; earliest-deadline tasks,1,False,39.86911884023074,0.0,263,28.63262368122595,0
264,2026-01-01T22:00:00+05:30,12.0,26.3487479446592,12.0,26.348747944659195,0.0,3.552713678800501e-15,0,0.0,0.0,0.0,0,38.348747944659195,0.0,65.0,0,0,16.0,0.1,38.348747944659195,0.0,0,Serve critical first; charge renewable surplus; discharge feeder deficit; earliest-deadline tasks,1,False,39.374649281350756,0.0,264,0.0,0
265,2026-01-01T22:05:00+05:30,12.0,28.71718961979038,12.0,28.717189619790375,0.0,3.552713678800501e-15,0,0.0,0.0,0.0,0,40.717189619790375,0.0,65.0,0,0,16.0,0.1,40.717189619790375,0.0,0,Serve critical first; charge renewable surplus; discharge feeder deficit; earliest-deadline tasks,1,False,38.90998490861512,0.0,265,0.0,0
266,2026-01-01T22:10:00+05:30,12.0,27.69318729216369,12.0,27.693187292163685,0.0,3.552713678800501e-15,0,0.0,0.0,0.0,0,39.693187292163685,0.0,65.0,0,0,16.0,0.1,39.693187292163685,0.0,0,Serve critical first; charge renewable surplus; discharge feeder deficit; earliest-deadline tasks,1,False,38.47469032879946,0.0,266,0.0,0
267,2026-01-01T22:15:00+05:30,12.0,27.239557749905963,12.0,27.239557749905963,0.0,0.0,0,0.0,0.0,0.0,0,39.23955774990596,0.0,65.0,0,0,16.0,0.1,39.23955774990596,0.0,0,Serve critical first; charge renewable surplus; discharge feeder deficit; earliest-deadline tasks,1,False,38.068165515275666,0.0,267,0.0,0
268,2026-01-01T22:20:00+05:30,12.0,24.613414981674364,12.0,24.613414981674364,0.0,0.0,0,0.0,0.0,-3.552713678800501e-15,3.552713678800501e-15,36.61341498167437,0.0,65.0,0,0,16.0,0.1,36.61341498167437,0.0,0,Serve critical first; charge renewable surplus; discharge feeder deficit; earliest-deadline tasks,1,False,37.68966590940257,0.0,268,0.0,0
269,2026-01-01T22:25:00+05:30,12.0,25.856449230471615,12.0,25.85644923047161,0.0,3.552713678800501e-15,0,0.0,0.0,0.0,0,37.85644923047161,0.0,65.0,0,0,16.0,0.1,37.85644923047161,0.0,0,Serve critical first; charge renewable surplus; discharge feeder deficit; earliest-deadline tasks,1,False,37.338322378992444,0.0,269,0.0,0
270,2026-01-01T22:30:00+05:30,12.0,26.178478346009985,12.0,26.17847834600998,0.0,3.552713678800501e-15,0,0.0,0.0,0.0,0,38.17847834600998,0.0,65.0,0,0,16.0,0.1,38.17847834600998,0.0,0,Serve critical first; charge renewable surplus; discharge feeder deficit; earliest-deadline tasks,1,False,37.01316077209907,0.0,270,0.0,0
271,2026-01-01T22:35:00+05:30,12.0,26.191289614632677,12.0,26.191289614632677,0.0,0.0,0,0.0,0.0,-3.552713678800501e-15,3.552713678800501e-15,38.19128961463268,0.0,65.0,0,0,16.0,0.1,38.19128961463268,0.0,0,Serve critical first; charge renewable surplus; discharge feeder deficit; earliest-deadline tasks,1,False,36.713120834900195,0.0,271,0.0,0
272,2026-01-01T22:40:00+05:30,12.0,25.376692454198402,12.0,25.376692454198402,0.0,0.0,0,0.0,0.0,-3.552713678800501e-15,3.552713678800501e-15,37.376692454198405,0.0,65.0,0,0,16.0,0.1,37.376692454198405,0.0,0,Serve critical first; charge renewable surplus; discharge feeder deficit; earliest-deadline tasks,1,False,36.437074294374256,0.0,272,0.0,0
273,2026-01-01T22:45:00+05:30,12.0,23.826482148022812,12.0,23.826482148022812,0.0,0.0,0,0.0,0.0,0.0,0,35.82648214802281,0.0,65.0,0,0,16.0,0.1,35.82648214802281,0.0,0,Serve critical first; charge renewable surplus; discharge feeder deficit; earliest-deadline tasks,1,False,36.18384193900829,0.0,273,0.0,0
274,2026-01-01T22:50:00+05:30,12.0,22.797476812384716,12.0,22.797476812384716,0.0,0.0,0,0.0,0.0,0.0,0,34.797476812384716,0.0,65.0,0,0,16.0,0.1,34.797476812384716,0.0,0,Serve critical first; charge renewable surplus; discharge feeder deficit; earliest-deadline tasks,1,False,35.9522095631941,0.0,274,0.0,0
275,2026-01-01T22:55:00+05:30,12.0,23.037074534626647,12.0,23.037074534626647,0.0,0.0,0,0.0,0.0,0.0,0,35.03707453462665,0.0,65.0,0,0,16.0,0.1,35.03707453462665,0.0,0,Serve critical first; charge renewable surplus; discharge feeder deficit; earliest-deadline tasks,1,False,32.740942672619255,0.0,275,0.0,0
276,2026-01-01T23:00:00+05:30,9.0,24.483010998116,9.0,24.483010998116,0.0,0.0,0,0.0,0.0,0.0,0,33.483010998116,0.0,65.0,0,0,16.0,0.1,33.483010998116,0.0,0,Serve critical first; charge renewable surplus; discharge feeder deficit; earliest-deadline tasks,1,False,32.548799878265044,0.0,276,0.0,0
277,2026-01-01T23:05:00+05:30,9.0,23.95355296766134,9.0,23.953552967661338,0.0,3.552713678800501e-15,0,0.0,0.0,0.0,0,32.95355296766134,0.0,65.0,0,0,16.0,0.1,32.95355296766134,0.0,0,Serve critical first; charge renewable surplus; discharge feeder deficit; earliest-deadline tasks,1,False,32.37454493510309,0.0,277,0.0,0
278,2026-01-01T23:10:00+05:30,9.0,23.487809335882698,9.0,23.487809335882698,0.0,0.0,0,0.0,0.0,-3.552713678800501e-15,3.552713678800501e-15,32.4878093358827,0.0,65.0,0,0,16.0,0.1,32.4878093358827,0.0,0,Serve critical first; charge renewable surplus; discharge feeder deficit; earliest-deadline tasks,1,False,32.2169574078451,0.0,278,0.0,0
279,2026-01-01T23:15:00+05:30,9.0,23.94266770865371,9.0,23.94266770865371,0.0,0.0,0,0.0,0.0,0.0,0,32.94266770865371,0.0,65.0,0,0,16.0,0.1,32.94266770865371,0.0,0,Serve critical first; charge renewable surplus; discharge feeder deficit; earliest-deadline tasks,1,False,32.074841969844634,0.0,279,0.0,0
280,2026-01-01T23:20:00+05:30,9.0,23.074327859283574,9.0,23.07432785928357,0.0,3.552713678800501e-15,0,0.0,0.0,0.0,0,32.07432785928357,0.0,65.0,0,0,16.0,0.1,32.07432785928357,0.0,0,Serve critical first; charge renewable surplus; discharge feeder deficit; earliest-deadline tasks,1,False,31.947036362267447,0.0,280,0.0,0
281,2026-01-01T23:25:00+05:30,9.0,24.281364219047695,9.0,24.281364219047695,0.0,0.0,0,0.0,0.0,0.0,0,33.281364219047695,0.0,65.0,0,0,16.0,0.1,33.281364219047695,0.0,0,Serve critical first; charge renewable surplus; discharge feeder deficit; earliest-deadline tasks,1,False,31.832418058812443,0.0,281,0.0,0
282,2026-01-01T23:30:00+05:30,9.0,22.771939963473198,9.0,22.771939963473198,0.0,0.0,0,0.0,0.0,0.0,0,31.771939963473198,0.0,65.0,0,0,16.0,0.1,31.771939963473198,0.0,0,Serve critical first; charge renewable surplus; discharge feeder deficit; earliest-deadline tasks,1,False,31.729909696530715,0.0,282,0.0,0
283,2026-01-01T23:35:00+05:30,9.0,22.051063014586944,9.0,22.051063014586944,0.0,0.0,0,0.0,0.0,0.0,0,31.051063014586944,0.0,65.0,0,0,16.0,0.1,31.051063014586944,0.0,0,Serve critical first; charge renewable surplus; discharge feeder deficit; earliest-deadline tasks,1,False,31.63848334568146,0.0,283,0.0,0
284,2026-01-01T23:40:00+05:30,9.0,21.38584987304872,9.0,21.38584987304872,0.0,0.0,0,0.0,0.0,0.0,0,30.38584987304872,0.0,65.0,0,0,16.0,0.1,30.38584987304872,0.0,0,Serve critical first; charge renewable surplus; discharge feeder deficit; earliest-deadline tasks,1,False,31.557163701166594,0.0,284,0.0,0
285,2026-01-01T23:45:00+05:30,9.0,22.735338805849565,9.0,22.735338805849565,0.0,0.0,0,0.0,0.0,0.0,0,31.735338805849565,0.0,65.0,0,0,16.0,0.1,31.735338805849565,0.0,0,Serve critical first; charge renewable surplus; discharge feeder deficit; earliest-deadline tasks,1,False,31.48503028503893,0.0,285,0.0,0
286,2026-01-01T23:50:00+05:30,9.0,21.635403598543274,9.0,21.635403598543274,0.0,0.0,0,0.0,0.0,0.0,0,30.635403598543274,0.0,65.0,0,0,16.0,0.1,30.635403598543274,0.0,0,Serve critical first; charge renewable surplus; discharge feeder deficit; earliest-deadline tasks,1,False,31.42121875406514,0.0,286,0.0,0
287,2026-01-01T23:55:00+05:30,9.0,21.076758082217026,9.0,21.076758082217026,0.0,0.0,0,0.0,0.0,0.0,0,30.076758082217026,0.0,65.0,0,0,16.0,0.1,30.076758082217026,0.0,0,Serve critical first; charge renewable surplus; discharge feeder deficit; earliest-deadline tasks,1,False,31.000001125351748,0.0,287,0.0,0
